team,reddit,subs,id,created,active,banner
New England Patriots,r/patriots,702759,  1,1278908629,1417,https://styles.redditmedia.com/t5_2rx57/styles/bannerBackgroundImage_2f5lf2symbo81.png?width=4000&amp;v=enabled&amp;s=9589a5c4959d3c4275518ab9bcbd6aa1ddc59435
Manchester United,r/reddevils,569936,  2,1279340023,1369,https://styles.redditmedia.com/t5_2rxse/styles/bannerBackgroundImage_yd1t0b7vlpq61.png?width=4000&amp;v=enabled&amp;s=7b53c8768c9573b6cf2db30dba494fab565df484
Golden State Warriors,r/warriors,516158,  3,1275790488,1161,https://styles.redditmedia.com/t5_2rtiv/styles/bannerBackgroundImage_ojhyrmv4ug691.png?width=4000&amp;v=enabled&amp;s=ebecf642abf9966dc64b49ebe1899cad83cd7bca
Los Angeles Rams,r/losangelesrams,444443,  4,1264566342, 153,https://styles.redditmedia.com/t5_2rgnd/styles/bannerBackgroundImage_yvierrvmj3u81.jpg?width=4000&amp;v=enabled&amp;s=98d71ecf6a138ed1253799c6657bc42204c4d082
Liverpool FC,r/liverpoolfc,433928,  5,1222714840,1377,https://styles.redditmedia.com/t5_2qn0o/styles/bannerBackgroundImage_rz57s5hb42fa1.jpeg?width=4000&amp;v=enabled&amp;s=caac7c73b2c49b782c236f25277ce43ed213b1cc
Los Angeles Lakers,r/lakers,400444,  6,1209163432,7514,https://styles.redditmedia.com/t5_2qhv6/styles/bannerBackgroundImage_klj5372ci8j01.png?width=4000&amp;v=enabled&amp;s=3d1787eb0c934ee232ffdb4611c7a7273a599a23
Toronto Raptors,r/torontoraptors,380207,  7,1288154873,1606,https://styles.redditmedia.com/t5_2s5sb/styles/bannerBackgroundImage_ncl08n4lbsha1.png?width=4000&amp;v=enabled&amp;s=4512a453eb03789a6199490f40e9e2403631c540
Boston Celtics,r/bostonceltics,338292,  8,1221574042, 808,
Chelsea FC,r/chelseafc,327853,  9,1274936166,1049,https://styles.redditmedia.com/t5_2rsl6/styles/bannerBackgroundImage_antzwqr2j4371.png?width=4000&amp;v=enabled&amp;s=6c2c17a8186416f5af51a4d860a358721f2b357d
Dallas Cowboys,r/cowboys,300082, 10,1260750384,1056,https://styles.redditmedia.com/t5_2re7g/styles/bannerBackgroundImage_ji82e30z0yma1.png?width=4000&amp;v=enabled&amp;s=8036c96f6fef6da1c3abcda9753415b30a9a1ef2
Arsenal FC,r/gunners,300053, 11,1207318531,2357,https://styles.redditmedia.com/t5_2qhqt/styles/bannerBackgroundImage_8ma0ibuampb81.png?width=4000&amp;v=enabled&amp;s=ea7745394ab9030847131d8a78a914b301845f39
Green Bay Packers,r/greenbaypackers,296159, 12,1230050760,2647,https://styles.redditmedia.com/t5_2qqd2/styles/bannerBackgroundImage_9l7krsj24yd71.png?width=4000&amp;v=enabled&amp;s=27f447b9e0553779c3d1cf954537b98db6179c83
Philadelphia Eagles,r/eagles,274351, 13,1211902282,2015,https://styles.redditmedia.com/t5_2qi5w/styles/bannerBackgroundImage_zlnwgh01dlg01.jpg?width=4000&amp;v=enabled&amp;s=adf77efb0aa4b8bc7d9bbed8e7c5504b5176b6d0
San Francisco 49ers,r/49ers,269204, 14,1260908547,1583,https://styles.redditmedia.com/t5_2rebv/styles/bannerBackgroundImage_t0qsd6t816ba1.jpg?width=4000&amp;v=enabled&amp;s=f757ff65e49733d8762494e4aaf1964e790f9fb2
Chicago Bulls,r/chicagobulls,266488, 15,1284286372, 172,
Philadelphia 76ers,r/sixers,246709, 16,1298927186,1144,
New York Yankees,r/nyyankees,236804, 17,1271874818, 626,https://styles.redditmedia.com/t5_2rp0g/styles/bannerBackgroundImage_rr8m4j2mxiy21.png?width=4000&amp;v=enabled&amp;s=8b51e8bfde45756753576c3be0e0c2e75c3dac63
Pittsburgh Steelers,r/steelers,229210, 18,1250536157, 896,https://styles.redditmedia.com/t5_2r526/styles/bannerBackgroundImage_cnvcgi6z7b7a1.png?width=4000&amp;v=enabled&amp;s=cb822dc075c5cccca981eeddbf9a3d8f0e8a38cc
Toronto Maple Leafs,r/leafs,222656, 19,1254334723, 462,https://styles.redditmedia.com/t5_2r8hf/styles/bannerBackgroundImage_fu22bsj11y1a1.jpg?width=4000&amp;v=enabled&amp;s=01f5de6b443df8e04fe689e02e1e202284a22e30
Seattle Seahawks,r/seahawks,198701, 20,1279927512,1502,https://styles.redditmedia.com/t5_2ryle/styles/bannerBackgroundImage_3571aw52dry91.png?width=4000&amp;v=enabled&amp;s=64fc1d146f24ae418f455ad1ec5fb8eaa4f96cc0
Real Madrid,r/realmadrid,196965, 21,1273636730, 349,https://styles.redditmedia.com/t5_2rr0e/styles/bannerBackgroundImage_6w3kgybwtu671.png?width=4000&amp;v=enabled&amp;s=4bcef4d5dea573c2889dbeca6e1f571499876c4d
Minnesota Vikings,r/minnesotavikings,191935, 22,1226260948,2435,https://styles.redditmedia.com/t5_2qocl/styles/bannerBackgroundImage_qj5ape3t2q911.jpg?width=4000&amp;v=enabled&amp;s=483352629fc2db412f6d695e64b50910a1b8c9df
Kansas City Chiefs,r/kansascitychiefs,186904, 23,1283474425,1257,https://styles.redditmedia.com/t5_2s3ft/styles/bannerBackgroundImage_fq1he0ufkdd11.jpg?width=4000&amp;v=enabled&amp;s=900ed8d765651308978a45cde45fcbb64694fc2f
Dallas Mavericks,r/mavericks,186127, 24,1286733058, 567,https://styles.redditmedia.com/t5_2s53a/styles/bannerBackgroundImage_r2b6aoxfx8i81.png?width=4000&amp;v=enabled&amp;s=77410f0ddcb843c803e68c58a0875d2786ea10bf
Houston Rockets,r/rockets,183551, 25,1270494308, 237,https://styles.redditmedia.com/t5_2rnac/styles/bannerBackgroundImage_rmb6yt98fs021.jpg?width=4000&amp;v=enabled&amp;s=0e3914fa4b73b7fe8ce7eb084a0bcda9c8a37f78
Cleveland Browns,r/browns,183339, 26,1282341518, 647,https://styles.redditmedia.com/t5_2s1wh/styles/bannerBackgroundImage_4witrvhr05s81.jpg?width=4000&amp;v=enabled&amp;s=734a2d5b97bab3a1464db8f0789df75733a09d9c
Chicago Bears,r/chibears,177145, 27,1281588684,4174,https://styles.redditmedia.com/t5_2s0u3/styles/bannerBackgroundImage_ahxnomrl3on41.jpg?width=4000&amp;v=enabled&amp;s=e6e907cd234ef050be17f31b2c72472e4eb1f3a7
Boston Red Sox,r/redsox,173902, 28,1202323117, 267,https://styles.redditmedia.com/t5_2qh95/styles/bannerBackgroundImage_kivkh9wl61f41.jpg?width=4000&amp;v=enabled&amp;s=62ceaec0cc840634b21a9b5ea9079ef76c88cb58
Milwaukee Bucks,r/mkebucks,170743, 29,1319582631, 798,
Buffalo Bills,r/buffalobills,166769, 30,1255759172, 776,https://styles.redditmedia.com/t5_2ra29/styles/bannerBackgroundImage_f4unk65d0eia1.jpg?width=4000&amp;v=enabled&amp;s=4ad53d534ee7fab755c26476ab871b52d84fcf6d
Brooklyn Nets,r/gonets,163560, 31,1313981814, 613,https://styles.redditmedia.com/t5_2sro2/styles/bannerBackgroundImage_0mcvgbbvgqh91.png?width=4000&amp;v=enabled&amp;s=0b72feb29214bbdffac9d57ea2ad59ddb93c82c6
New York Knicks,r/nyknicks,154291, 32,1276887099, 865,https://styles.redditmedia.com/t5_2rur5/styles/bannerBackgroundImage_hcjvl3nydwy01.png?width=4000&amp;v=enabled&amp;s=232422481142f53412cc8aa453b1ba1048465796
Cincinnati Bengals,r/bengals,153965, 33,1261113377,1250,https://styles.redditmedia.com/t5_2rehg/styles/bannerBackgroundImage_6jlpocpb8vh01.png?width=4000&amp;v=enabled&amp;s=c924924a6971b502ef2c7ac89d2a7f8e4f9a0721
Phoenix Suns,r/suns,152222, 34,1318910002,1085,https://styles.redditmedia.com/t5_2szvb/styles/bannerBackgroundImage_6ixxi25pimia1.png?width=4000&amp;v=enabled&amp;s=c8f4c674b88d6df19c51502d465b0db7224f953a
Portland Trail Blazers,r/ripcity,146110, 35,1275411903, 492,https://styles.redditmedia.com/t5_2rt2i/styles/bannerBackgroundImage_fh0c9wjypdba1.png?width=4000&amp;v=enabled&amp;s=a1a6edcc0ea1e754f300832b37401cef05e5b553
Miami Dolphins,r/miamidolphins,145311, 36,1282446530, 631,https://styles.redditmedia.com/t5_2s20n/styles/bannerBackgroundImage_n8ub8mmkjgq71.jpg?width=4000&amp;v=enabled&amp;s=e4fd5a3beca42cbc0c941d07a25ab0a985c590de
Baltimore Ravens,r/ravens,143000, 37,1282336777,1140,https://styles.redditmedia.com/t5_2s1w8/styles/bannerBackgroundImage_mmiuzkn9zjc61.jpg?width=4000&amp;v=enabled&amp;s=2de9c145ad4f31f3fa20217277e31982f61ca061
Atlanta Hawks,r/atlantahawks,142703, 38,1304401143, 181,https://styles.redditmedia.com/t5_2sgwl/styles/bannerBackgroundImage_ldnjga2rhe861.jpg?width=4000&amp;v=enabled&amp;s=d757bb121bc576b04f72d2cdbb98f65f48b234a7
Los Angeles Dodgers,r/dodgers,142000, 39,1255725481, 245,https://styles.redditmedia.com/t5_2ra0i/styles/bannerBackgroundImage_5esxze19a3x01.png?width=4000&amp;v=enabled&amp;s=c1b55b6b341dcff05139f882cc0511f341f92b0d
Oklahoma City Thunder,r/thunder,140103, 40,1286738510, 712,https://styles.redditmedia.com/t5_2s53c/styles/bannerBackgroundImage_igwh14bl8z991.jpg?width=4000&amp;v=enabled&amp;s=91347b32f58b0a5b5fa7511061a2075531653422
Miami Heat,r/heat,139189, 41,1293404228, 299,https://styles.redditmedia.com/t5_2s8tk/styles/bannerBackgroundImage_inr3ww7hulu91.JPG?width=4000&amp;v=enabled&amp;s=a911c208435dfacb5e3726a604a9c8eab8dfa508
Toronto Blue Jays,r/torontobluejays,138238, 42,1296852318, 406,https://styles.redditmedia.com/t5_2sb61/styles/bannerBackgroundImage_yfmoyo379wz61.png?width=4000&amp;v=enabled&amp;s=cc844eb041fe0dfc3ce576ba155348178d93d79e
Detroit Lions,r/detroitlions,137316, 43,1279997333,3580,https://styles.redditmedia.com/t5_2rynx/styles/bannerBackgroundImage_9x3e1h6b81ba1.jpg?width=4000&amp;v=enabled&amp;s=1da672562bb219552e02bf6adc9a6732bce094ab
Tottenham Hotspur,r/coys,136924, 44,1280066896, 637,https://styles.redditmedia.com/t5_2ryq7/styles/bannerBackgroundImage_ufm346psoyu91.png?width=4000&amp;v=enabled&amp;s=31e70e528e211f14dc03a17cad924e67f02b3e35
Denver Nuggets,r/denvernuggets,136311, 45,1301433700,1327,https://styles.redditmedia.com/t5_2segs/styles/bannerBackgroundImage_gk9h0coonlr91.png?width=4000&amp;v=enabled&amp;s=cec04cd30cf1c059a108722c585aa72130ac1d25
Atlanta Falcons,r/falcons,135036, 46,1218416390, 537,https://styles.redditmedia.com/t5_2ql17/styles/bannerBackgroundImage_o8y8xbc7h1r81.png?width=4000&amp;v=enabled&amp;s=01dafd0b118a34ad82582fa4e1fb4339c0709e8a
Los Angeles Clippers,r/laclippers,133975, 47,1293506602, 329,https://styles.redditmedia.com/t5_2s8vl/styles/bannerBackgroundImage_em4f6uo3xgu71.png?width=4000&amp;v=enabled&amp;s=b045aef4c4613691cefeb6b1fa7679e468f30be4
New York Giants,r/nygiants,132707, 48,1276884571,1097,https://styles.redditmedia.com/t5_2ruqw/styles/bannerBackgroundImage_uu55qq2s5lx71.png?width=4000&amp;v=enabled&amp;s=8a8bd340ad8818fad853262ea12a3b5def4232d1
Barcelona,r/barca,132440, 49,1286876141, 461,https://styles.redditmedia.com/t5_2s561/styles/bannerBackgroundImage_imt48wi40al91.jpg?width=4000&amp;v=enabled&amp;s=fd8e616d08c75a0e2c14f420c67e91a865a808e9
San Antonio Spurs,r/nbaspurs,132000, 50,1286736140, 326,
Minnesota Timberwolves,r/timberwolves,127595, 51,1288795755, 383,https://styles.redditmedia.com/t5_2s64h/styles/bannerBackgroundImage_8vq64bn8tcja1.jpg?width=4000&amp;v=enabled&amp;s=55cc2cf74c0e44570d96079f6e582417bcf97d3a
Denver Broncos,r/denverbroncos,127582, 52,1286573331, 882,
Washington Wizards,r/washingtonwizards,123998, 53,1320009932, 218,https://styles.redditmedia.com/t5_2t1nv/styles/bannerBackgroundImage_i1ts7714fnja1.jpg?width=4000&amp;v=enabled&amp;s=8721af0916ec329b36763a9225c21c41eabd0289
Sacramento Kings,r/kings,122641, 54,1273447442, 452,
Utah Jazz,r/utahjazz,121024, 55,1287432994, 180,https://styles.redditmedia.com/t5_2s5f0/styles/bannerBackgroundImage_qmto052ywkx91.png?width=4000&amp;v=enabled&amp;s=358958894faccffacb1e911f32b036a23736c031
Detroit Pistons,r/detroitpistons,116508, 56,1304194985, 267,https://styles.redditmedia.com/t5_2sgpl/styles/bannerBackgroundImage_0w1l4hn9re311.jpeg?width=4000&amp;v=enabled&amp;s=0291cd49d6ebb3ecfc1701020b6e1ed87f41f76d
Atlanta Braves,r/braves,115079, 57,1281496018, 443,https://styles.redditmedia.com/t5_2s0ok/styles/bannerBackgroundImage_y4a3v23yzen81.jpg?width=4000&amp;v=enabled&amp;s=6a03d8a062df1c5318be78ef27d7c378f7265ba6
Vancouver Canucks,r/canucks,115044, 58,1232493030,1076,https://styles.redditmedia.com/t5_2qrs7/styles/bannerBackgroundImage_b44qgqpbo4e81.png?width=4000&amp;v=enabled&amp;s=b753deb1277ea61cba6aee085103fb16a55651f7
Washington Commanders,r/commanders,113613, 59,1250292757, 492,https://styles.redditmedia.com/t5_2r4wc/styles/bannerBackgroundImage_nxz2f6nelhf81.png?width=4000&amp;v=enabled&amp;s=5020709ff94bb3273098750e15d8fee430e4d0e7
New Orleans Saints,r/saints,110000, 60,1282341024, 370,https://styles.redditmedia.com/t5_2s1wf/styles/bannerBackgroundImage_0mbhchzalbn71.png?width=4000&amp;v=enabled&amp;s=49e9f8c782ffbe2c1c9010c2346bb7233cac3d1a
Manchester City FC,r/mcfc,109786, 61,1281808074, 725,https://styles.redditmedia.com/t5_2s14k/styles/bannerBackgroundImage_im358a6cvdg01.jpg?width=4000&amp;v=enabled&amp;s=11026843587f7823c1bd4427dd60b359cd167922
Tampa Bay Buccaneers,r/buccaneers,109695, 62,1258925017, 214,https://styles.redditmedia.com/t5_2rd5c/styles/bannerBackgroundImage_gdoh0eek0id71.png?width=4000&amp;v=enabled&amp;s=c900af508056b7b192d9263c1b451130fcd6f72c
New Orleans Pelicans,r/nolapelicans,109019, 63,1354669551, 680,https://styles.redditmedia.com/t5_2vppf/styles/bannerBackgroundImage_6bw4hxqn53ma1.png?width=4000&amp;v=enabled&amp;s=c6cb6e1aa59022c040e7f96e04b28a1b83470585
Indiana Pacers,r/pacers,108505, 64,1303612940, 117,https://styles.redditmedia.com/t5_2sg71/styles/bannerBackgroundImage_14bu286vti421.png?width=4000&amp;v=enabled&amp;s=16dd28bb2cda380e63ddfe199c0a5ab5f517e536
Indiana Pacers,r/indianapacers,108000, 65,1310316957,   0,
Memphis Grizzlies,r/memphisgrizzlies,107587, 66,1288111496, 140,https://styles.redditmedia.com/t5_2s5rf/styles/bannerBackgroundImage_19ix1lebucw91.png?width=4000&amp;v=enabled&amp;s=c7f717c4d5cda05b784802f3343eed0591d34814
Orlando Magic,r/orlandomagic,105937, 67,1288324297, 158,https://styles.redditmedia.com/t5_2s5vq/styles/bannerBackgroundImage_fzpyqqjuvkha1.png?width=4000&amp;v=enabled&amp;s=452059b3254d8f341e23ffda115eb19f2dcf46a3
Charlotte Hornets,r/charlottehornets,105743, 68,1334861305,  43,https://styles.redditmedia.com/t5_2txxp/styles/bannerBackgroundImage_rtjeqme021f71.png?width=4000&amp;v=enabled&amp;s=55d40854bf72cfb7d2fd834ccd26731d677acc27
New York Jets,r/nyjets,105729, 69,1282676789,1202,https://styles.redditmedia.com/t5_2s2av/styles/bannerBackgroundImage_glyb9vihvkn51.png?width=4000&amp;v=enabled&amp;s=440a87a8f1154ade0dafbf3a6850cad1307a9ba6
Chicago Cubs,r/chicubs,102000, 70,1427404603, 113,https://styles.redditmedia.com/t5_37k90/styles/bannerBackgroundImage_0du1pz5bsrv01.png?width=4000&amp;v=enabled&amp;s=d37d9b48899a0c437172941b2f37a7d36b1efbb7
Detroit Red Wings,r/detroitredwings,101464, 71,1261648908, 314,https://styles.redditmedia.com/t5_2resw/styles/bannerBackgroundImage_g6s7bmiggtna1.png?width=4000&amp;v=enabled&amp;s=7624df776a0eb8b568559cc0a69e2481c661ef36
Carolina Panthers,r/panthers, 99659, 72,1282333556, 631,https://styles.redditmedia.com/t5_2s1w0/styles/bannerBackgroundImage_llvlbvxg27f91.jpg?width=4000&amp;v=enabled&amp;s=02df54a4a442698110226b7903032eb3df906b5c
Arizona Cardinals,r/azcardinals, 98298, 73,1287016037, 444,https://styles.redditmedia.com/t5_2s58i/styles/bannerBackgroundImage_picw0wagaac81.png?width=4000&amp;v=enabled&amp;s=f0a0527e19572a01ab0e023bcd15d71056acf4af
Pittsburgh Penguins,r/penguins, 96600, 74,1250609882, 320,
Los Angeles Chargers,r/chargers, 95200, 75,1280697592, 341,https://styles.redditmedia.com/t5_2rzkb/styles/bannerBackgroundImage_uln8v1fwhlu41.png?width=4000&amp;v=enabled&amp;s=c1976abd0ccb6779c8a977f4ecfaf4063260db31
Chicago Blackhawks,r/hawks, 94583, 76,1265260928, 242,https://styles.redditmedia.com/t5_2rhes/styles/bannerBackgroundImage_r1jczj02gwh01.png?width=4000&amp;v=enabled&amp;s=13c501e8635d6655c8b05a88dc32cca017a483dd
Oakland Athletics,r/oakland, 93756, 77,1262369437, 293,https://styles.redditmedia.com/t5_2rf7j/styles/bannerBackgroundImage_hj1b6u68zeq01.jpg?width=4000&amp;v=enabled&amp;s=1f2da33c3ace75455d55a60dd3c4f1e4dbca71e6
San Francisco Giants,r/sfgiants, 93500, 78,1288425980,3801,
Jacksonville Jaguars,r/jaguars, 90666, 79,1286144451, 374,https://styles.redditmedia.com/t5_2s4u2/styles/bannerBackgroundImage_c27bqsnj16x01.png?width=4000&amp;v=enabled&amp;s=e4f3ebbd4c3d742885127c76350a54d19a141796
Indianapolis Colts,r/colts, 90194, 80,1252258447, 662,https://styles.redditmedia.com/t5_2r6es/styles/bannerBackgroundImage_mv1sfteev7z91.jpg?width=4000&amp;v=enabled&amp;s=e689edca81614a979eef32ef9b5bd4162631a99b
Houston Texans,r/texans, 87777, 81,1284790257, 244,https://styles.redditmedia.com/t5_2s450/styles/bannerBackgroundImage_aq61l3ps1mea1.jpg?width=4000&amp;v=enabled&amp;s=ffd9d7dc54916688eadae5b6202de188888d5635
Royal Challengers Bangalore,r/rcb, 87659, 82,1347615994,  44,https://styles.redditmedia.com/t5_2v1lp/styles/bannerBackgroundImage_wqplid3z0x191.png?width=4000&amp;v=enabled&amp;s=79e5f3d1807767ffcec5f187e12679d23a226e7b
Philadelphia Phillies,r/phillies, 85320, 83,1214948566, 139,https://styles.redditmedia.com/t5_2qjl8/styles/bannerBackgroundImage_7ritpif89te91.jpeg?width=4000&amp;v=enabled&amp;s=b1426712a89bf90045221108ce0249154acecb2c
Houston Astros,r/astros, 84200, 84,1290107081, 228,https://styles.redditmedia.com/t5_2s6y7/styles/bannerBackgroundImage_gwpkaxjgash51.png?width=4000&amp;v=enabled&amp;s=6775dbe3afec8f794057a45068792516a9347b7b
Tennessee Titans,r/tennesseetitans, 84024, 85,1287460057, 586,https://styles.redditmedia.com/t5_2s5fm/styles/bannerBackgroundImage_1632bcim2yw81.png?width=4000&amp;v=enabled&amp;s=3f4a9d3a124e15c5e903fb0e334b36f8bb667301
St. Louis Cardinals,r/cardinals, 80700, 86,1253649851, 232,https://styles.redditmedia.com/t5_2r7tu/styles/bannerBackgroundImage_jxcfepi3ffc51.jpg?width=4000&amp;v=enabled&amp;s=534ab2e169667ba06fa0e8fba16829394e1259d7
Boston Bruins,r/bostonbruins, 78626, 87,1270060981, 790,https://styles.redditmedia.com/t5_2rmt9/styles/bannerBackgroundImage_3d1bkxqvlju81.png?width=4000&amp;v=enabled&amp;s=9b9612372f4bd757fa0d8b0c1bfcc8b75728ae90
Montreal Canadiens,r/habs, 77770, 88,1245914147, 435,https://styles.redditmedia.com/t5_2r10m/styles/bannerBackgroundImage_n2ug5mbfk7u91.png?width=4000&amp;v=enabled&amp;s=ded02f7c9896c93f74e92eaa6277973046a22a35
Cleveland Cavaliers,r/clevelandcavs, 76430, 89,1308883220, 368,https://styles.redditmedia.com/t5_2sl2k/styles/bannerBackgroundImage_08enlf5qztu91.png?width=4000&amp;v=enabled&amp;s=932f1dbf20724d599c405cef088735f0e929fa5a
Paris Saint-Germain,r/psg, 74607, 90,1325849743, 209,https://styles.redditmedia.com/t5_2tbky/styles/bannerBackgroundImage_wz06wd99dp321.jpg?width=4000&amp;v=enabled&amp;s=e82b438d437300572359317b48037330b73bf3d7
Arsenal FC,r/arsenalfc, 73332, 91,1297433485, 100,
New York Mets,r/newyorkmets, 72318, 92,1291825701, 212,
Bayern Munich,r/fcbayern, 72040, 93,1304440790,  45,https://styles.redditmedia.com/t5_2sgxj/styles/bannerBackgroundImage_16h1tu8cr7m91.png?width=4000&amp;v=enabled&amp;s=0167cf12e3642de22e1a050235853721c6178555
Baltimore Orioles,r/orioles, 66561, 94,1294355523, 218,https://styles.redditmedia.com/t5_2s9ej/styles/bannerBackgroundImage_sxldmitr7op01.png?width=4000&amp;v=enabled&amp;s=a8fb20a3780e40628e20d6cc3798faa8ee58b6cd
Seattle Mariners,r/mariners, 65830, 95,1279926911, 270,https://styles.redditmedia.com/t5_2rylc/styles/bannerBackgroundImage_3gw42ashfuia1.jpg?width=4000&amp;v=enabled&amp;s=2c3d6767579ad06231e3389cd5082ba7bf8f9b96
Las Vegas Raiders,r/raiders, 64178, 96,1253039065,1207,https://styles.redditmedia.com/t5_2r772/styles/bannerBackgroundImage_qtv36vcftso81.png?width=4000&amp;v=enabled&amp;s=9745348b1c9369199f2f8cfa4132b96e9884a534
Colorado Avalanche,r/coloradoavalanche, 62235, 97,1273184815, 185,https://styles.redditmedia.com/t5_2rqi4/styles/bannerBackgroundImage_10yy5nrejg891.png?width=4000&amp;v=enabled&amp;s=dedbd5a69d97acfe6a5c1e12d42e35bc0fec7914
Edmonton Oilers,r/edmontonoilers, 61599, 98,1272519421,1077,https://styles.redditmedia.com/t5_2rptq/styles/bannerBackgroundImage_sf5i3gf088k01.jpg?width=4000&amp;v=enabled&amp;s=04b81ae28bf7c961404561f808dc75538c557971
Philadelphia Flyers,r/flyers, 58129, 99,1266117628, 205,https://styles.redditmedia.com/t5_2ribt/styles/bannerBackgroundImage_rmot65kw8op91.png?width=4000&amp;v=enabled&amp;s=991c057f881188467afd18cd165ad464cd601152
San Diego Padres,r/padres, 56600,100,1292540648, 295,https://styles.redditmedia.com/t5_2s8d6/styles/bannerBackgroundImage_byr65tixaeha1.jpg?width=4000&amp;v=enabled&amp;s=92df8da7e210332e0bb3e23c0256321469f37c87
New York Rangers,r/rangers, 56371,101,1270800440, 454,https://styles.redditmedia.com/t5_2rnpb/styles/bannerBackgroundImage_02j8vbqxjn991.png?width=4000&amp;v=enabled&amp;s=40ef8e0859761977b4b12078ebb7218a71ad8f38
San Jose Sharks,r/sanjosesharks, 54978,102,1259463539, 369,https://styles.redditmedia.com/t5_2rdh2/styles/bannerBackgroundImage_32oh5wndl7q61.png?width=4000&amp;v=enabled&amp;s=d5a81fbda8f47c4a2113be1c5421ccc30576d46b
Minnesota Twins,r/minnesotatwins, 54043,103,1285712928, 137,https://styles.redditmedia.com/t5_2s4mv/styles/bannerBackgroundImage_qxjirif5jjla1.png?width=4000&amp;v=enabled&amp;s=83ea108dd4c343ad423f11e41f0e1848124e8755
Juventus,r/juve, 54011,104,1324624385,  39,https://styles.redditmedia.com/t5_2t9a7/styles/bannerBackgroundImage_ed3sz00m9uj81.jpg?width=4000&amp;v=enabled&amp;s=32480e0a489856ebb9c868dfb956916910347c98
Calgary Flames,r/calgaryflames, 53933,105,1271520956, 721,
Chicago White Sox,r/whitesox, 53701,106,1271188386, 123,https://styles.redditmedia.com/t5_2ro52/styles/bannerBackgroundImage_2zztf67hswi21.png?width=4000&amp;v=enabled&amp;s=3d58e3aab90c9793b31e0f5e45c7d003d81ae9c5
New York Islanders,r/newyorkislanders, 53039,107,1272388254, 266,https://styles.redditmedia.com/t5_2rpn6/styles/bannerBackgroundImage_55ao5pl8pxn51.png?width=4000&amp;v=enabled&amp;s=45c628178bc24d37a4589c899d02adffbdd395af
Michigan Wolverines,r/michiganwolverines, 52239,108,1284330870, 164,https://styles.redditmedia.com/t5_2s3vu/styles/bannerBackgroundImage_wt4a06bx8y141.jpg?width=4000&amp;v=enabled&amp;s=2df24e538fe936cbaa37933901fe9425a074c55d
Washington Capitals,r/caps, 51934,109,1271742025, 135,https://styles.redditmedia.com/t5_2rouz/styles/bannerBackgroundImage_5efv1f8krzm11.jpg?width=4000&amp;v=enabled&amp;s=deef9bbab4f797f44e90842d5254209e6fd6429d
Tampa Bay Lightning,r/tampabaylightning, 51823,110,1273186974, 104,https://styles.redditmedia.com/t5_2rqi8/styles/bannerBackgroundImage_p26k33cnmj981.png?width=4000&amp;v=enabled&amp;s=7539d09f54715ca0873d441e32e3d4d52d92f190
St. Louis Blues,r/stlouisblues, 50277,111,1269216987, 122,https://styles.redditmedia.com/t5_2rlvj/styles/bannerBackgroundImage_qxi37a7rslo31.png?width=4000&amp;v=enabled&amp;s=85afcf7f811818a4548b159960e63239f93dbe84
Borussia Dortmund,r/borussiadortmund, 49972,112,1315949143,  81,https://styles.redditmedia.com/t5_2svdo/styles/bannerBackgroundImage_2rhn8y0w14f91.jpg?width=4000&amp;v=enabled&amp;s=53e98958f3caebaf39aa10ec80bb813008fc3485
Minnesota Wild,r/wildhockey, 49751,113,1271876429, 130,https://styles.redditmedia.com/t5_2rp0l/styles/bannerBackgroundImage_4oow281x73071.png?width=4000&amp;v=enabled&amp;s=b553792ef529e4e5a21d96aaf90a910b2546f394
AC Milan,r/acmilan, 49629,114,1270753881,  85,https://styles.redditmedia.com/t5_2rnmt/styles/bannerBackgroundImage_j9ts8xkz85741.png?width=4000&amp;v=enabled&amp;s=e71bb7b7f8cdaa7e5a977dc0b58f38ec4085e337
Carolina Hurricanes,r/canes, 46811,115,1272489404, 344,https://styles.redditmedia.com/t5_2rps9/styles/bannerBackgroundImage_8xbvzf6zcz411.png?width=4000&amp;v=enabled&amp;s=9b35da736097289915e43d20ed9d46644883e987
Washington Nationals,r/nationals, 46436,116,1294280355, 140,
Georgia Bulldogs,r/georgiabulldogs, 46302,117,1365731333,  62,https://styles.redditmedia.com/t5_2wws3/styles/bannerBackgroundImage_o1ebaw54gie81.jpg?width=4000&amp;v=enabled&amp;s=8261a4f928bb3033358afe8d04c1d2d0cbfcca45
Columbus Blue Jackets,r/bluejackets, 45600,118,1308919133, 179,https://styles.redditmedia.com/t5_2sl3f/styles/bannerBackgroundImage_mnykzi6gv8d91.jpg?width=4000&amp;v=enabled&amp;s=40f85c3f762379d0dceba179e7f66f4034cd13fa
New Jersey Devils,r/devils, 45486,119,1271572442, 231,https://styles.redditmedia.com/t5_2roo0/styles/bannerBackgroundImage_nalgpeutnc731.png?width=4000&amp;v=enabled&amp;s=5eb034d257be8db06cd9b0731bc5bf4db3c205fc
Los Angeles Angels,r/angelsbaseball, 44900,120,1297730347, 186,https://styles.redditmedia.com/t5_2sbrk/styles/bannerBackgroundImage_diudyvnqzyi81.png?width=4000&amp;v=enabled&amp;s=ad4a43856bbf63d2cc77c706745d7cc37523411d
Milwaukee Brewers,r/brewers, 44045,121,1271298081, 112,https://styles.redditmedia.com/t5_2roak/styles/bannerBackgroundImage_z43ojsvveva51.jpg?width=4000&amp;v=enabled&amp;s=2838a6364542967b8a16a90f6ced042952f82b37
Winnipeg Jets,r/winnipegjets, 43669,122,1276282768, 160,https://styles.redditmedia.com/t5_2ru32/styles/bannerBackgroundImage_6bx5jj0o9z371.png?width=4000&amp;v=enabled&amp;s=96d4acc0e8c22462fd0550f3d1f7f73597f50aa0
Cincinnati Reds,r/reds, 43275,123,1297892754, 109,https://styles.redditmedia.com/t5_2sbv5/styles/bannerBackgroundImage_5iue0jeh4ny01.png?width=4000&amp;v=enabled&amp;s=2563e1cf8931c793941f33fd8648f721c8cf35aa
Cleveland Guardians,r/clevelandguardians, 42642,124,1326826747,  65,https://styles.redditmedia.com/t5_2tdyz/styles/bannerBackgroundImage_9v410ro117r81.png?width=4000&amp;v=enabled&amp;s=b781e93320fd86485b81c066a924a4a88771c912
Detroit Tigers,r/motorcitykitties, 40800,125,1287767829,  80,https://styles.redditmedia.com/t5_2s5m5/styles/bannerBackgroundImage_39fu4fmdulja1.jpg?width=4000&amp;v=enabled&amp;s=407d289806e7e6615bf54d7e79e16b33a0953e84
Oakland Athletics,r/oaklandathletics, 39564,126,1298873089,  56,https://styles.redditmedia.com/t5_2scld/styles/bannerBackgroundImage_bkhf1q54lbe91.jpg?width=4000&amp;v=enabled&amp;s=0e75db7b470071de801812edbdc71298be84165d
Dallas Stars,r/dallasstars, 39406,127,1271180780, 287,https://styles.redditmedia.com/t5_2ro4p/styles/bannerBackgroundImage_ld9w3io10f201.png?width=4000&amp;v=enabled&amp;s=429990eb90504022641e50c796d11a68ca410b4d
Texas Rangers,r/texasrangers, 38707,128,1273933717,  68,https://styles.redditmedia.com/t5_2rrdy/styles/bannerBackgroundImage_bhscm7ptor431.png?width=4000&amp;v=enabled&amp;s=570207a79eb7ee2bc2f346ed192861fc32fe1a38
Everton FC,r/everton, 38461,129,1228394800,  62,https://styles.redditmedia.com/t5_2qpfg/styles/bannerBackgroundImage_hw10yca5ntv41.jpg?width=4000&amp;v=enabled&amp;s=4eb528c0dd262879c88e3f1a34110b5f1b0f8e39
Kansas City Royals,r/kcroyals, 38000,130,1293460769, 103,
Newcastle United FC,r/nufc, 37950,131,1290108501,  47,https://styles.redditmedia.com/t5_2s6ya/styles/bannerBackgroundImage_32ia82388k291.jpg?width=4000&amp;v=enabled&amp;s=12819566d58f4201a8eb5ad6de8d52311f0e967b
Tampa Bay Rays,r/tampabayrays, 37703,132,1282712352,  48,https://styles.redditmedia.com/t5_2s2cl/styles/bannerBackgroundImage_jsizx886nc4a1.png?width=4000&amp;v=enabled&amp;s=a6a6f4e0fe03cd736c2e82487cafee3cfc269452
Chennai Super Kings,r/csk, 36938,133,1212578023,  10,https://styles.redditmedia.com/t5_2qiid/styles/bannerBackgroundImage_wf5bsq12icb21.png?width=4000&amp;v=enabled&amp;s=6c996b5dddc3b4f35ce498ef59ae4f15c990f43a
Ohio State Buckeyes,r/ohiostatefootball, 36900,134,1251545298,   9,https://styles.redditmedia.com/t5_2r5u7/styles/bannerBackgroundImage_vo937iesze921.png?width=4000&amp;v=enabled&amp;s=c930e686025a8efa62f3613c596940711528cb1e
Vegas Golden Knights,r/goldenknights, 35800,135,1472303964,  82,https://styles.redditmedia.com/t5_3g1qk/styles/bannerBackgroundImage_adstiesuyps71.jpg?width=4000&amp;v=enabled&amp;s=b2f140ab1d6aee07f2629b87ffbaf8f486bfd365
LSU Tigers,r/lsufootball, 35344,136,1287686183,   8,https://styles.redditmedia.com/t5_2s5kg/styles/bannerBackgroundImage_o0i6tqj6g2b31.png?width=4000&amp;v=enabled&amp;s=8414369a12de7ccf65b08ed1850eadb828661a3c
Atlanta United FC,r/atlantaunited, 34604,137,1435262801,  74,https://styles.redditmedia.com/t5_38tr2/styles/bannerBackgroundImage_k3pyssilvzfa1.jpg?width=4000&amp;v=enabled&amp;s=edef41aec94e775893dc26b445447f5d33b939a8
Ottawa Senators,r/ottawasenators, 34551,138,1226605453, 402,https://styles.redditmedia.com/t5_2qojw/styles/bannerBackgroundImage_fpi6byyubmk81.png?width=4000&amp;v=enabled&amp;s=c37ad87fecb33da86f60d76bf6cd0e7a65d74ce8
Pittsburgh Pirates,r/buccos, 34273,139,1273631815,  63,
Florida Gators,r/floridagators, 33991,140,1237307738,  85,https://styles.redditmedia.com/t5_2qv2r/styles/bannerBackgroundImage_det6s8qluhy51.png?width=4000&amp;v=enabled&amp;s=b2c9fb22b33408a1971cc6d7e410de86b711b0f8
Alabama Crimson Tide,r/rolltide, 33407,141,1296092519,  98,https://styles.redditmedia.com/t5_2sanc/styles/bannerBackgroundImage_uejwjh9ewhi91.png?width=4000&amp;v=enabled&amp;s=02947e85ae9fae2609287e381fdcdfc92a0ff435
Buffalo Sabres,r/sabres, 32702,142,1256325723, 160,https://styles.redditmedia.com/t5_2raob/styles/bannerBackgroundImage_tbhrhpx8afg51.jpg?width=4000&amp;v=enabled&amp;s=03e1cf523b267678fe3b43c38fb61e6e7555d9d8
Sunrisers Hyderabad,r/sunrisershyderabad, 32700,143,1545180036,  21,https://styles.redditmedia.com/t5_t1xem/styles/bannerBackgroundImage_avnz98ws49691.png?width=4000&amp;v=enabled&amp;s=c85fb7c66de680e6a94a40bcd7034e8c5aa97e3d
Seattle Kraken,r/seattlekraken, 32564,144,1492067498, 103,https://styles.redditmedia.com/t5_3jzu2/styles/bannerBackgroundImage_7mtj3dzm5oc51.png?width=4000&amp;v=enabled&amp;s=97ff84e33362de5564ae12df5ee8dead654c9c5b
Nashville Predators,r/predators, 32526,145,1271856906, 137,
Leeds United FC,r/leedsunited, 32128,146,1326992494,  63,https://styles.redditmedia.com/t5_2teb8/styles/bannerBackgroundImage_xew6nnyp9d551.jpg?width=4000&amp;v=enabled&amp;s=6bf729fad2eab56b312ee9010043a11bebf8aa72
West Ham United FC,r/hammers, 31333,147,1298970759,  33,https://styles.redditmedia.com/t5_2sco3/styles/bannerBackgroundImage_xelsm1qjb2l51.jpg?width=4000&amp;v=enabled&amp;s=ca6c1c9f81807c59bc59e909eb5d6cfc170492bf
Colorado Rockies,r/coloradorockies, 31050,148,1284410131, 102,https://styles.redditmedia.com/t5_2s3x4/styles/bannerBackgroundImage_fu6t66784ii41.jpg?width=4000&amp;v=enabled&amp;s=48bc2723e5b22b631e4710972b954cd185a1c9dc
Tennessee Volunteers,r/ockytop, 31000,149,1347466573,  50,https://styles.redditmedia.com/t5_2v13w/styles/bannerBackgroundImage_z6yvoxqcktu71.jpg?width=4000&amp;v=enabled&amp;s=fb89beb9b39c004598df224c6c3325bcb810728c
Los Angeles Kings,r/losangeleskings, 30360,150,1262707903, 262,https://styles.redditmedia.com/t5_2rffj/styles/bannerBackgroundImage_07mdvr4s53x81.jpg?width=4000&amp;v=enabled&amp;s=b93c054015764880acd1e9a2c0169e5ec89caf2e
Ajax,r/ajaxamsterdam, 29907,151,1334340761,  25,https://styles.redditmedia.com/t5_2twgt/styles/bannerBackgroundImage_nwx69mxnc1121.png?width=4000&amp;v=enabled&amp;s=30f6c49ab53521f3c4a9a36f8023f7ad122c107a
Marseille,r/olympiquedemarseille, 29758,152,1387080073,   2,https://styles.redditmedia.com/t5_2zfil/styles/bannerBackgroundImage_u46lf45xinx01.png?width=4000&amp;v=enabled&amp;s=73f508dda155fb212c0fb194ba46c05cc1001d4f
Nebraska Cornhuskers,r/huskers, 29633,153,1253585148,  93,https://styles.redditmedia.com/t5_2r7qs/styles/bannerBackgroundImage_ogy80ypa41q61.png?width=4000&amp;v=enabled&amp;s=f238166355ca818a6ccdec9cd3e47b3e845719ad
Celtic,r/celticfc, 28217,154,1311051327,  30,https://styles.redditmedia.com/t5_2snki/styles/bannerBackgroundImage_7clom7a6lf091.png?width=4000&amp;v=enabled&amp;s=6f08a1427bf02e2d09cb8f87022741c9620498d7
Texas Longhorns,r/longhornnation, 26300,155,1372264554,  56,https://styles.redditmedia.com/t5_2xoqa/styles/bannerBackgroundImage_0v1fzz7i2i341.png?width=4000&amp;v=enabled&amp;s=69c8c5f3f8f953629998dd625dd86cbafd06ee5d
Arizona Diamondbacks,r/azdiamondbacks, 25324,156,1298292637,  49,https://styles.redditmedia.com/t5_2sc56/styles/bannerBackgroundImage_s607j4xgq2331.png?width=4000&amp;v=enabled&amp;s=26aa25ad2c32c1037ac18a2dd6202507293a7dcb
Anaheim Ducks,r/anaheimducks, 25273,157,1273183161,  50,https://styles.redditmedia.com/t5_2rqhz/styles/bannerBackgroundImage_hetgpvhsmlm31.png?width=4000&amp;v=enabled&amp;s=4d56d7da072553e53d9ddde9a3df96fd3a15e064
Inter Milan,r/fcintermilan, 24699,158,1356653508,  49,https://styles.redditmedia.com/t5_2vvzn/styles/bannerBackgroundImage_98v60prpdk841.png?width=4000&amp;v=enabled&amp;s=3042dfcab64d1e776d89eafbf8a486ebc5a8acb6
Minnesota United FC,r/minnesotaunited, 23255,159,1362515511,  40,https://styles.redditmedia.com/t5_2wjn5/styles/bannerBackgroundImage_tsgwdddh2ms61.png?width=4000&amp;v=enabled&amp;s=adb5d0aa320a09e41b3d953aa8c2ea5374b96fdb
Mumbai Indians,r/mumbaiindians, 23112,160,1487346150,   8,https://styles.redditmedia.com/t5_3j4xe/styles/bannerBackgroundImage_m56f8usi3sla1.jpg?width=4000&amp;v=enabled&amp;s=82084943265511017f734aa7f7bed33ea2b2f1be
Portland Timbers,r/timbers, 22756,161,1282872987,  53,
Dallas Cowboys,r/dallas_cowboys, 22312,162,1453691022,  13,https://styles.redditmedia.com/t5_3c37q/styles/bannerBackgroundImage_xm36qgyg37j21.png?width=4000&amp;v=enabled&amp;s=eda7031720ca6be92646977c2224f4f280d2489c
Seattle Sounders FC,r/soundersfc, 20842,163,1228683445,  67,
Atletico Madrid,r/atletico, 20669,164,1349072854,  20,https://styles.redditmedia.com/t5_2v6bc/styles/bannerBackgroundImage_a4i64gr7ngc71.jpg?width=4000&amp;v=enabled&amp;s=8e6209373a2d51320a66bb5a64656c7ec0808e94
Aston Villa FC,r/avfc, 19725,165,1286893653,  32,https://styles.redditmedia.com/t5_2s569/styles/bannerBackgroundImage_9ji7gs7r01aa1.png?width=4000&amp;v=enabled&amp;s=3cd7a44299cc21b37525ccb283c1612a14ba643f
Arizona Coyotes,r/coyotes, 19476,166,1271637089,  67,https://styles.redditmedia.com/t5_2roqf/styles/bannerBackgroundImage_x37dhw8kx7m81.jpg?width=4000&amp;v=enabled&amp;s=da89b1fb49b799e06818260c844093b3b7183bd4
Oklahoma Sooners,r/sooners, 19400,167,1251226140,   7,https://styles.redditmedia.com/t5_2r5kj/styles/bannerBackgroundImage_lkrp1drk2zp51.png?width=4000&amp;v=enabled&amp;s=3868593fc05560152d534661babecfb41d36bc41
Leicester City FC,r/lcfc, 19371,168,1343046441,  45,https://styles.redditmedia.com/t5_2ukrz/styles/bannerBackgroundImage_m9oqyj8vo7ga1.jpeg?width=4000&amp;v=enabled&amp;s=214da02f15697556657a2efa3b183259f492c992
Miami Marlins,r/letsgofish, 18844,169,1298874866,  19,
Wisconsin Badgers,r/wisconsinbadgers, 18579,170,1309396448,  41,https://styles.redditmedia.com/t5_2slo5/styles/bannerBackgroundImage_3kudjernfah11.png?width=4000&amp;v=enabled&amp;s=a8a3a231b6228ca8784af6710ab0d185969ef22f
Toronto FC,r/tfc, 18408,171,1271202890,  50,https://styles.redditmedia.com/t5_2ro5q/styles/bannerBackgroundImage_38fxih4q0c8a1.png?width=4000&amp;v=enabled&amp;s=c061473496ed8659d6ff47909e88642f572f5cb2
Oregon Ducks,r/ducks, 18038,172,1219878008,  27,https://styles.redditmedia.com/t5_2qlr0/styles/bannerBackgroundImage_yluxamchhha51.jpg?width=4000&amp;v=enabled&amp;s=871615eacdf91c1f15cc3cb70b2227e81a59140e
Florida Panthers,r/floridapanthers, 17912,173,1273186140,  53,https://styles.redditmedia.com/t5_2rqi7/styles/bannerBackgroundImage_wkhjbjnjo8o31.png?width=4000&amp;v=enabled&amp;s=1d45bb975d0f18bd256febf4a6b04488fcc62cf6
Rangers,r/rangersfc, 17811,174,1311710245,  18,https://styles.redditmedia.com/t5_2sodi/styles/bannerBackgroundImage_ugaqihnfsi1a1.png?width=4000&amp;v=enabled&amp;s=3096e13b23f33a34720f6c7121d9cf3a3b1143d6
Arkansas Razorbacks,r/razorbacks, 17600,175,1300161484,  38,https://styles.redditmedia.com/t5_2sdhv/styles/bannerBackgroundImage_4i49aqqtdhk91.png?width=4000&amp;v=enabled&amp;s=bb9b45636f523e9c82277d50ada9322e3ad63378
Minnesota Vikings,r/viking, 17265,176,1226260344,   4,
Boston Bruins,r/bruins, 15267,177,1345928725,  26,https://styles.redditmedia.com/t5_2uutl/styles/bannerBackgroundImage_nkirwu8yfgu21.jpg?width=4000&amp;v=enabled&amp;s=8c00d06b3f1dd2097644bcfd87e1e66a6bf138f0
Roma,r/asroma, 15116,178,1320681245,  44,https://styles.redditmedia.com/t5_2t2oy/styles/bannerBackgroundImage_pd24cbvp7p191.jpg?width=4000&amp;v=enabled&amp;s=8414c5c88a5b39dbbefe90526a4caf961d2b6a48
Bayern Munich,r/bayernmunich, 14926,179,1359154009,  18,https://styles.redditmedia.com/t5_2w5oa/styles/bannerBackgroundImage_0clg9tp2k7v41.jpg?width=4000&amp;v=enabled&amp;s=38cc0399dc2b151beb01fe890fe6cd2b61b046e3
Barcelona,r/fcbarcelona, 14752,180,1298252424,   2,
Notre Dame Fighting Irish,r/notredamefootball, 14336,181,1342057862,  18,https://styles.redditmedia.com/t5_2uhr8/styles/bannerBackgroundImage_4v31895x039a1.jpg?width=4000&amp;v=enabled&amp;s=7d27511f4a99cd81d502f6ff6fae9b78936d0411
Cleveland Cavaliers,r/cavaliers, 14269,182,1272825330,  18,
Austin FC,r/austinfc, 14087,183,1508341980, 167,https://styles.redditmedia.com/t5_3pa7j/styles/bannerBackgroundImage_et0jifp9ldg61.png?width=4000&amp;v=enabled&amp;s=806261ac5685650823a475b510b3adf387375ab6
South Carolina Gamecocks,r/gamecocks, 13798,184,1211917356,  22,https://styles.redditmedia.com/t5_2qi6j/styles/bannerBackgroundImage_0mm9wu2i0gm81.jpg?width=4000&amp;v=enabled&amp;s=e6198091bffb0d646be00a991594c5b604535e11
Chelsea FC,r/chelsea, 13578,185,1213717882,  10,
Columbus Crew SC,r/themassive, 13082,186,1291864011,  19,
Porto,r/fcporto, 12825,187,1312666013, 114,https://styles.redditmedia.com/t5_2spv8/styles/bannerBackgroundImage_p9o32g2iqnv81.jpg?width=4000&amp;v=enabled&amp;s=292c7bb812aa235469f89aa9e7fc657dfd7fa8c6
Vancouver Whitecaps FC,r/whitecapsfc, 12637,188,1286920731,  38,https://styles.redditmedia.com/t5_2s56y/styles/bannerBackgroundImage_r9lpf38y0rn91.jpg?width=4000&amp;v=enabled&amp;s=da4a3bfb1a4258b73a945c1c5ef2c4ccfc689b55
Cleveland Guardians,r/wahoostipi, 12024,189,1299740542,   5,https://styles.redditmedia.com/t5_2sd82/styles/bannerBackgroundImage_kpsvgkpfkyk01.jpg?width=4000&amp;v=enabled&amp;s=0f67be5957d53fdc00256c27a3a7c66d2fad81bc
Napoli,r/sscnapoli, 11980,190,1312477126,  19,https://styles.redditmedia.com/t5_2spkf/styles/bannerBackgroundImage_iakrhy0xfqfa1.png?width=4000&amp;v=enabled&amp;s=143747ee4afd41afe3e8ba8389cd738bbfd4778c
Indiana Hoosiers,r/indianahoosiers, 11763,191,1314673461,   4,https://styles.redditmedia.com/t5_2sszf/styles/bannerBackgroundImage_gjbdpomuufo11.png?width=4000&amp;v=enabled&amp;s=105ccf8e09e057c3934764e11f2ea307247b86b1
Auburn Tigers,r/wde, 11763,192,1292035307,  12,
LAFC,r/lafc, 11655,193,1414692835, 100,https://styles.redditmedia.com/t5_34ahu/styles/bannerBackgroundImage_avs9m1ky9yla1.jpg?width=4000&amp;v=enabled&amp;s=ac76827705094c6c7af3994433e99eb5f1a7c81d
Washington Huskies,r/huskies, 11306,194,1308188920,   7,https://styles.redditmedia.com/t5_2skd8/styles/bannerBackgroundImage_fk87ihmxe5531.jpg?width=4000&amp;v=enabled&amp;s=c303a7c3ea24468fe8a7ac811c49b7d097d569e8
FC Cincinnati,r/fccincinnati, 11123,195,1437681994,  22,https://styles.redditmedia.com/t5_3994g/styles/bannerBackgroundImage_zqq1kin61uh81.png?width=4000&amp;v=enabled&amp;s=9d310b942b8f3901481ce27d71fcd6be484b6c08
Eintracht Frankfurt,r/eintracht, 10996,196,1351771748,  12,https://styles.redditmedia.com/t5_2vg30/styles/bannerBackgroundImage_mopcv5589e461.jpeg?width=4000&amp;v=enabled&amp;s=fa697f90e212d89e2027de18baa6b7b5014b1b3f
Schalke 04,r/schalke04, 10935,197,1320516622,   9,
Florida State Seminoles,r/fsusports, 10890,198,1374608170,  24,https://styles.redditmedia.com/t5_2xys7/styles/bannerBackgroundImage_pc1yuee1r98a1.png?width=4000&amp;v=enabled&amp;s=c2c945e4df77c011cdad8ebf2da3867bdd4c5c16
1. FC Köln,r/effzeh, 10853,199,1357517645,   4,
Philadelphia Union,r/phillyunion, 10607,200,1289321620,  26,https://styles.redditmedia.com/t5_2s6h0/styles/bannerBackgroundImage_3t55kruudjc11.jpg?width=4000&amp;v=enabled&amp;s=6b69a03faf192ed4296f14471437cdcfd0b088cc
Miami Hurricanes,r/miamihurricanes, 10586,201,1317394147,  25,https://styles.redditmedia.com/t5_2sxfh/styles/bannerBackgroundImage_fogdk8c08dia1.jpg?width=4000&amp;v=enabled&amp;s=7806044f610b7f2995b462dd9e9dcac67cd4fc0a
Rajasthan Royals,r/rajasthanroyals, 10570,202,1429196947,   1,https://styles.redditmedia.com/t5_37v43/styles/bannerBackgroundImage_vr2gd7gl6qr81.png?width=4000&amp;v=enabled&amp;s=9c4f16bbcb3d30a1256816150505aa84bc8f27fd
Dallas Cowboys,r/dccmakingtheteam, 10530,203,1566023804,  45,https://styles.redditmedia.com/t5_239d1f/styles/bannerBackgroundImage_acd2rxf7oyg31.jpg?width=4000&amp;v=enabled&amp;s=6f1cbf43301a7dbb5cad73cdfc0f2d83ef4f0a73
Wolverhampton Wanderers FC,r/wwfc, 10490,204,1295306566,  11,https://styles.redditmedia.com/t5_2sa1w/styles/bannerBackgroundImage_42dm1xdntwj61.png?width=4000&amp;v=enabled&amp;s=8030b3c42e43cda7ff0000f4fd991763c72daa6b
Sporting Kansas City,r/sportingkc, 10393,205,1301305716,  20,
Miami Heat,r/miamiheat, 10194,206,1267761032,   4,https://styles.redditmedia.com/t5_2rk7x/styles/bannerBackgroundImage_5b5m5vag3do51.jpg?width=4000&amp;v=enabled&amp;s=6541ef93ebb1b02511662c29bcb4841c7c97d824
LA Galaxy,r/lagalaxy,  9517,207,1280425587,  31,https://styles.redditmedia.com/t5_2rza6/styles/bannerBackgroundImage_ftwxh0d6oev91.png?width=4000&amp;v=enabled&amp;s=7b52b5e4bb00e1599f9e7e40a35b4e8cd5f86a25
Collingwood FC,r/collingwoodfc,  9516,208,1331827088,  32,
FC Dallas,r/fcdallas,  9315,209,1312561249,   4,
Chicago Bears,r/chicagobears,  9233,210,1253111686,  21,
Toronto Raptors,r/raptors,  9138,211,1227109362,   8,
New York City FC,r/nycfc,  9084,212,1367357398,   5,https://styles.redditmedia.com/t5_2x3v3/styles/bannerBackgroundImage_uy7yol1c6lg01.jpg?width=4000&amp;v=enabled&amp;s=3ff3be02e2616f1e98e3958c7d07cc6cf85b8dd6
Carlton FC,r/carltonblues,  8845,213,1400143572,  80,https://styles.redditmedia.com/t5_31s46/styles/bannerBackgroundImage_fl83u6yx0s291.jpg?width=4000&amp;v=enabled&amp;s=e70eec6da80e49a145703864a7aa080164135961
Nottingham Forest FC,r/nffc,  8641,214,1342002372,  10,https://styles.redditmedia.com/t5_2uhk6/styles/bannerBackgroundImage_n4qhpspzv5ma1.jpg?width=4000&amp;v=enabled&amp;s=09354231c4fedb3bcd2e68297433641e1c6b7dc5
Kansas Jayhawks,r/jayhawks,  8518,215,1224291422,  16,https://styles.redditmedia.com/t5_2qnky/styles/bannerBackgroundImage_wmfbdb2z94s71.jpg?width=4000&amp;v=enabled&amp;s=894a891f285126f97b52807ef10f9e47a303b159
Orlando City SC,r/oclions,  8445,216,1336536843,   8,https://styles.redditmedia.com/t5_2u29i/styles/bannerBackgroundImage_faxihtk6w7ja1.png?width=4000&amp;v=enabled&amp;s=73be30cf70bc7fbb4c5159c7be49884307cec11f
Clemson Tigers,r/clemsontigers,  8285,217,1296614369,   8,https://styles.redditmedia.com/t5_2sazd/styles/bannerBackgroundImage_l56gqai1ccn01.png?width=4000&amp;v=enabled&amp;s=2b5ce7ea2e398a090c4ac340decb18271b5c9de0
D.C. United,r/dcunited,  8273,218,1257231100,  19,https://styles.redditmedia.com/t5_2rbli/styles/bannerBackgroundImage_8brq3q51luv01.jpg?width=4000&amp;v=enabled&amp;s=5ba60505e6ab03ab4ce99b72194e670c63f7d8fc
Essendon FC,r/essendonfc,  8206,219,1344502695,  30,https://styles.redditmedia.com/t5_2upvb/styles/bannerBackgroundImage_ck12m2zzhcb91.jpg?width=4000&amp;v=enabled&amp;s=20b582595efa044c86bdbcddaa76dd391fe6be26
Chicago Fire,r/chicagofire,  8100,220,1300982761,  15,https://styles.redditmedia.com/t5_2se2b/styles/bannerBackgroundImage_yneenb7jgml81.jpg?width=4000&amp;v=enabled&amp;s=5ef762011a51852870fbec69f8586ccb6f5be5f5
Kentucky Wildcats,r/wildcats,  8000,221,1285797908,  27,https://styles.redditmedia.com/t5_2s4oi/styles/bannerBackgroundImage_zlqly72h5rg71.png?width=4000&amp;v=enabled&amp;s=7c18d25010e0a2e9698ffc8d5eeb29afe790cd39
Arsenal FC,r/arsenalwfc,  7818,222,1558213196,  14,https://styles.redditmedia.com/t5_11mpco/styles/bannerBackgroundImage_zc4gy5drmdna1.jpg?width=4000&amp;v=enabled&amp;s=4178f286769e7701b067d35868caeaadc03f8911
VfB Stuttgart,r/vfbstuttgart,  7678,223,1348693863,  12,
North Carolina Tar Heels,r/tarheels,  7305,224,1286830921,  11,https://styles.redditmedia.com/t5_2s54v/styles/bannerBackgroundImage_gkmwwotibao31.png?width=4000&amp;v=enabled&amp;s=380239e5a43d91611fe08a8790a4f3e4c0d7a883
Michigan State Spartans,r/theonlycolors,  7300,225,1360954178,   5,https://styles.redditmedia.com/t5_2wcz4/styles/bannerBackgroundImage_bfa5xm6dhw261.png?width=4000&amp;v=enabled&amp;s=455feadd6c4825ad2cf62ebf4063759c7a3e479e
Manchester United FC,r/justbaillythings,  7290,226,1544259948,   1,
Atlanta Braves,r/atlantabraves,  7090,227,1361415616,   4,https://styles.redditmedia.com/t5_2wf4q/styles/bannerBackgroundImage_ik02tr92xjs61.jpg?width=4000&amp;v=enabled&amp;s=64bb48d9bfc28bfe50bed20b82bbc1ca15e2ed97
Houston Dynamo,r/dynamo,  7036,228,1291929966,  23,https://styles.redditmedia.com/t5_2s7ym/styles/bannerBackgroundImage_wgr9mynnofl61.jpg?width=4000&amp;v=enabled&amp;s=7fada51bfeb7ce7dd772dea1e7c12c0b0558ffcc
Juventus,r/juventus,  7033,229,1237052133,   2,https://styles.redditmedia.com/t5_2quwq/styles/bannerBackgroundImage_8o1gtt5mda421.png?width=4000&amp;v=enabled&amp;s=3979b5d1344277b69fd9a3acbd2337ca35fa8630
New England Revolution,r/newenglandrevolution,  6850,230,1314765031,   9,
Nashville SC,r/nashvillesc,  6752,231,1474149047,  10,https://styles.redditmedia.com/t5_3gcy2/styles/bannerBackgroundImage_vdfzzjkejck41.jpg?width=4000&amp;v=enabled&amp;s=a6de6ba8d91c8b95e5f91d5d1aae35c0ad42ceed
Manchester City FC,r/manchestercity,  6721,232,1323931707,  11,
Fulham FC,r/fulhamfc,  6631,233,1320594731,   6,https://styles.redditmedia.com/t5_2t2kg/styles/bannerBackgroundImage_092ryrbud1f21.jpg?width=4000&amp;v=enabled&amp;s=317d444f3c0949e4a888cf23694767f8e217634e
Club de Foot Montreal,r/montrealimpact,  6600,234,1313370545,   4,https://styles.redditmedia.com/t5_2sqsh/styles/bannerBackgroundImage_7bqcfl6x6r4a1.jpeg?width=4000&amp;v=enabled&amp;s=c3e476eae497aefba4026bd43038ffd7d69b154c
Penn State Nittany Lions,r/wearepennstate,  6400,235,1437657741,   2,https://styles.redditmedia.com/t5_398xw/styles/bannerBackgroundImage_m0rxxjctkuy01.png?width=4000&amp;v=enabled&amp;s=348d47af7cbde1c4b5151a5b187caf6e32313eaf
St Louis City SC,r/stlouiscitysc,  6254,236,1597334866,  30,https://styles.redditmedia.com/t5_2zimtl/styles/bannerBackgroundImage_n0rv98ux7wg51.png?width=4000&amp;v=enabled&amp;s=8de452911af7a0e1a87d4ef26b5653df7774ab83
San Jose Earthquakes,r/sjearthquakes,  6203,237,1304470168,   9,https://styles.redditmedia.com/t5_2sgyl/styles/bannerBackgroundImage_nk7ly0isv2u51.jpg?width=4000&amp;v=enabled&amp;s=3204bfac66ea58b906c4c962998228f7668c5910
Richmond FC,r/richmondfc,  5997,238,1358684471,   6,https://styles.redditmedia.com/t5_2w3wl/styles/bannerBackgroundImage_hyygre9393411.png?width=4000&amp;v=enabled&amp;s=be3a3b7fed4022d44e51906d1c10df25ce70f515
Boston College Eagles,r/bostoncollege,  5783,239,1285640413,  21,https://styles.redditmedia.com/t5_2s4l4/styles/bannerBackgroundImage_phr04cmdesn51.png?width=4000&amp;v=enabled&amp;s=906dafa1678c6e00ffcfe2a933cac88605bc0878
West Coast Eagles,r/westcoasteagles,  5600,240,1369906457,  22,https://styles.redditmedia.com/t5_2xeg2/styles/bannerBackgroundImage_pjol8ymvj4k21.jpg?width=4000&amp;v=enabled&amp;s=2bd60226d1112d5649498e568c54f06665709e09
New England Patriots,r/newenglandpatriots,  5585,241,1349256989,   2,
Charlotte FC,r/charlottefootballclub,  5363,242,1591557843,   7,https://styles.redditmedia.com/t5_2qa3ww/styles/bannerBackgroundImage_i7mga5e10ic51.png?width=4000&amp;v=enabled&amp;s=80cca9cfd0f2b3443827d9be3d69e5340c5face3
Cleveland Browns,r/clevelandbrowns,  5344,243,1300742017,   1,
New York Red Bulls,r/rbny,  5200,244,1327546578,   8,https://styles.redditmedia.com/t5_2tftg/styles/bannerBackgroundImage_sdexjamrboha1.png?width=4000&amp;v=enabled&amp;s=0e5c88d040af891530f5b60b6c9d6948f54c4dd2
Indiana Hoosiers,r/hoosiersbasketball,  5172,245,1582697561,  12,https://styles.redditmedia.com/t5_2gd0u3/styles/bannerBackgroundImage_12bvdjwowj3a1.jpg?width=4000&amp;v=enabled&amp;s=c48a6ac83e63ebe1c29f7bc73e37fe3198e2cb98
Dallas Cowboys,r/dallascowboys,  5088,246,1282375822,   4,
Borussia Mönchengladbach,r/fohlenelf,  4890,247,1390363520,   1,
Utah Utes,r/utahfootball,  4485,248,1347658861,   7,
Arsenal FC,r/gooners,  4441,249,1334784419,   3,
Brentford FC,r/brentford,  4372,250,1241247955,  15,https://styles.redditmedia.com/t5_2qxrl/styles/bannerBackgroundImage_prs7njya29161.png?width=4000&amp;v=enabled&amp;s=113abfb04f47a6868ead62fea9a3417cbd4a378c
Philadelphia Eagles,r/philadelphiaeagles,  4356,251,1282761181,   4,
Inter Miami C.F.,r/intermiami,  4300,252,1531873109,   9,https://styles.redditmedia.com/t5_lxntg/styles/bannerBackgroundImage_eiwlq7hdszl11.png?width=4000&amp;v=enabled&amp;s=8c22a8a2b1b63c326034768700eea09860ae23a8
Duke Blue Devils,r/dukeblueplanet,  4300,253,1470860560,   9,
Iowa Hawkeyes,r/hawkeyes,  4200,254,1213813012,  17,https://styles.redditmedia.com/t5_2qj03/styles/bannerBackgroundImage_mk5iiyupcui71.jpeg?width=4000&amp;v=enabled&amp;s=6f3a434954d36af3d68980812a689523bbd289d5
Chicago Cubs,r/chicagocubs,  4191,255,1302320216,   0,
Kolkata Knight Riders,r/kolkataknightriders,  4150,256,1548433678,   3,
Purdue Boilermakers,r/boilermakers,  4131,257,1252872152,  23,https://styles.redditmedia.com/t5_2r6zs/styles/bannerBackgroundImage_es2c5jw32rk01.png?width=4000&amp;v=enabled&amp;s=1545fd552b47166e90b74b923f0d23a31a7e1c86
Valencia,r/valenciacf,  4072,258,1318830328,   9,https://styles.redditmedia.com/t5_2szqx/styles/bannerBackgroundImage_5fgf0sy6xlj71.png?width=4000&amp;v=enabled&amp;s=9df757dd2abcf38e5e8787fc12e2c988d5525458
Tottenham Hotspur FC,r/tottenhamhotspur,  4027,259,1366541464,   2,https://styles.redditmedia.com/t5_2x06t/styles/bannerBackgroundImage_ikrdrbxx3am91.jpg?width=4000&amp;v=enabled&amp;s=d2a75ea2fd2f3bf4d1b18c87ec37ef3b1b8e6bd6
Texas A&M Aggies,r/12thman,  4000,260,1362507718,   3,
Colorado Rapids,r/rapids,  3944,261,1315595763,   6,https://styles.redditmedia.com/t5_2suti/styles/bannerBackgroundImage_f5z3emh9w3471.jpg?width=4000&amp;v=enabled&amp;s=fe8ac4d73380fc10be8d6abe540a426dcbeb8d8f
Real Salt Lake,r/realsaltlake,  3866,262,1301437435,  13,https://styles.redditmedia.com/t5_2segw/styles/bannerBackgroundImage_pa53xlc042aa1.jpg?width=4000&amp;v=enabled&amp;s=10b5a282f3accce8adadacc4321f4b0e66276a7d
Central Florida Knights,r/ucfknights,  3863,263,1318336778,   4,
Adelaide Crows,r/adelaidefc,  3841,264,1349870103,  25,https://styles.redditmedia.com/t5_2v92s/styles/bannerBackgroundImage_k1sccb88v3j51.jpg?width=4000&amp;v=enabled&amp;s=ee696374ea71882fe416ecfe6ea89ce1706d4d3f
West Virginia Mountaineers,r/mountaineers,  3791,265,1292458060,   0,
San Antonio Spurs,r/sanantoniospurs,  3732,266,1285714922,   7,
Sydney Swans,r/sydneyswans,  3731,267,1344319710,  14,https://styles.redditmedia.com/t5_2up9r/styles/bannerBackgroundImage_ud0fr6tgw0c61.png?width=4000&amp;v=enabled&amp;s=cb7666e7a03b75aa6fef72ff4bf77417ce277949
Illinois Fighting Illini,r/fightingillini,  3582,268,1327807096,  17,https://styles.redditmedia.com/t5_2tgju/styles/bannerBackgroundImage_jzrs1esslzt01.png?width=4000&amp;v=enabled&amp;s=0f50e5fdf1f06a439acf6a27596b1f3c2666665d
St. Louis Rams,r/stlouisrams,  3570,269,1348441012,   2,
Ohio State Buckeyes,r/ohiostatebasketball,  3536,270,1318046141,   7,https://styles.redditmedia.com/t5_2syhk/styles/bannerBackgroundImage_0fcmiupiu9y01.png?width=4000&amp;v=enabled&amp;s=01f6c8a6b2830ea6d10b369b4a703838e7fa8242
Winnipeg Blue Bombers,r/winnipegbluebombers,  3531,271,1324437113,   4,
Toronto Maple Leafs,r/torontomapleleafs,  3450,272,1312160358,   3,
Boston Celtics,r/celtics,  3440,273,1627490951,   7,https://styles.redditmedia.com/t5_4tlhhf/styles/bannerBackgroundImage_kdty151i2gf71.jpeg?width=4000&amp;v=enabled&amp;s=f08efa4970af29d642d070659866facdfddc1757
Boise State Broncos,r/bsufootball,  3428,274,1282767729,  16,https://styles.redditmedia.com/t5_2s2fj/styles/bannerBackgroundImage_u13cat3tk0x01.png?width=4000&amp;v=enabled&amp;s=87f4540ebb6c23594171b1d181347f38e06df9c6
Washington Capitals,r/washingtoncapitals,  3426,275,1341924401,  14,
Dallas Mavericks,r/dallasmavericks,  3421,276,1282376706,   4,
UCLA Bruins,r/uclabruins,  3381,277,1332268310,   2,
Detroit Tigers,r/detroittigers,  3340,278,1265599595,   2,
New York Rangers,r/newyorkrangers,  3269,279,1265152506,   1,
Minnesota Golden Gophers,r/gophersports,  3134,280,1354081208,   3,https://styles.redditmedia.com/t5_2vns8/styles/bannerBackgroundImage_pgfri6hdgcq51.png?width=4000&amp;v=enabled&amp;s=a6ff4a7cde71854c685680c38de8c3c07a841072
Geelong Cats,r/geelongcats,  3134,281,1335238168,  10,https://styles.redditmedia.com/t5_2tyvi/styles/bannerBackgroundImage_3yyifu0ihcda1.png?width=4000&amp;v=enabled&amp;s=1349d762cf9ec24ae15eb65a9d1911d8288866dc
Cincinnati Bearcats,r/gobearcats,  3100,282,1480138983,   3,https://styles.redditmedia.com/t5_3hpxj/styles/bannerBackgroundImage_lqjmy12ffwl91.jpg?width=4000&amp;v=enabled&amp;s=1f39e91019c303af634efc9cc7e1c80acce602ee
Iowa State Cyclones,r/cyclonenation,  3098,283,1395024295,  16,
Louisville Cardinals,r/allhail,  3000,284,1312418796,  15,https://styles.redditmedia.com/t5_2spe6/styles/bannerBackgroundImage_azw918yvzpp01.png?width=4000&amp;v=enabled&amp;s=fa33e82070ed4df2d77a6063cbabd4a83def2796
Chelsea FC,r/chelsealadiesfc,  2977,285,1506712899,   9,https://styles.redditmedia.com/t5_3ouav/styles/bannerBackgroundImage_o56g54a5zol71.jpeg?width=4000&amp;v=enabled&amp;s=a51db1c203886391069b4ececb851ee973c138bd
Brisbane Lions,r/brisbanelions,  2923,286,1348619861,  44,https://styles.redditmedia.com/t5_2v4qc/styles/bannerBackgroundImage_rtbnx2ja2ml51.png?width=4000&amp;v=enabled&amp;s=b0799b107598d01980a51490d677476d560aff79
St. Louis Blues,r/stlouisbluesnsfw,  2875,287,1489625621,   7,
New York Giants,r/newyorkgiants,  2792,288,1375897486,   5,
AFC Bournemouth,r/afcbournemouth,  2649,289,1366644512,   5,https://styles.redditmedia.com/t5_2x0lh/styles/bannerBackgroundImage_jr0yzm7x8cn51.jpg?width=4000&amp;v=enabled&amp;s=e71e5fbc7c3e71711b5913ebec7a6b257acbff57
Pittsburgh Panthers,r/pittsburghpanthers,  2612,290,1542659870,  25,https://styles.redditmedia.com/t5_rke2x/styles/bannerBackgroundImage_w0zlct1165m51.jpg?width=4000&amp;v=enabled&amp;s=6724ab78445261694c4974845c54e9c309e4dac7
Syracuse Orange,r/cuse,  2500,291,1351834245,   6,
Pittsburgh Penguins,r/pittsburghpenguins,  2433,292,1240277053,   0,
Western Bulldogs,r/westernbulldogs,  2425,293,1360741087,   3,https://styles.redditmedia.com/t5_2wbml/styles/bannerBackgroundImage_3rx5hkoin7o41.jpg?width=4000&amp;v=enabled&amp;s=a6293414fed2829d85104bcdbc32e8985fd65456
Vegas Golden Knights,r/vegasgoldenknights,  2366,294,1473130284,   4,
New Orleans Saints,r/neworleanssaints,  2358,295,1347306795,   1,
New York Knicks,r/newyorkknicks,  2328,296,1330211170,   3,
Sevilla,r/sevillafc,  2292,297,1348993599,   3,https://styles.redditmedia.com/t5_2v61b/styles/bannerBackgroundImage_gcxre9ndnl261.jpg?width=4000&amp;v=enabled&amp;s=4e00101edb70dcf9a122aba807086e992e8d5fd2
Rutgers Scarlet Knights,r/scarletknights,  2252,298,1349301393,   8,https://styles.redditmedia.com/t5_2v755/styles/bannerBackgroundImage_2x78umiip8861.png?width=4000&amp;v=enabled&amp;s=a3b5792c68190a4b38d1d028e3919c593191446b
RB Leipzig,r/rbleipzig,  2244,299,1455905276,   4,https://styles.redditmedia.com/t5_3cnda/styles/bannerBackgroundImage_lk35o0qnwz091.jpg?width=4000&amp;v=enabled&amp;s=424adf329a8abe19af55b95deb3f6fb3443ff1c3
Seattle Kraken,r/seattlenhl,  2242,300,1371585383,   5,
Kansas City Royals,r/kansascityroyals,  2223,301,1341848877,   1,
Lazio,r/lazio,  2189,302,1330912976,   2,https://styles.redditmedia.com/t5_2to9n/styles/bannerBackgroundImage_i1vjmql06s941.jpg?width=4000&amp;v=enabled&amp;s=c7e6f6da2cc8a18b4fe27b2771399d7e35d1439e
Colorado Buffaloes,r/gobuffs,  2174,303,1430466852,   4,
Atlanta Falcons,r/atlantafalcons,  2174,304,1349839393,   6,
Melbourne FC,r/melbournefc,  2029,305,1344292673,   9,https://styles.redditmedia.com/t5_2up5e/styles/bannerBackgroundImage_ld45uvy6kkd81.png?width=4000&amp;v=enabled&amp;s=da69003638d6530e2f9f918d67565747939e112d
Miami Marlins,r/miamimarlins,  1996,306,1317498699,   8,https://styles.redditmedia.com/t5_2sxm3/styles/bannerBackgroundImage_as6cklzmyzd91.png?width=4000&amp;v=enabled&amp;s=288619533099480a77997f2599946c17132a1361
Virginia Tech Hokies,r/hokies,  1946,307,1255747570,   4,
Bayer 04 Leverkusen,r/bayer04,  1944,308,1367957851,   0,
Toronto Argonauts,r/argonauts,  1938,309,1306332881,   5,https://styles.redditmedia.com/t5_2simm/styles/bannerBackgroundImage_toebffytw81a1.png?width=4000&amp;v=enabled&amp;s=0cb4737abe03e7bf8177f2aaa81664a440412f7b
Fiorentina,r/fiorentina,  1913,310,1251201829,   5,https://styles.redditmedia.com/t5_2r5jx/styles/bannerBackgroundImage_xhfl254e91h41.jpg?width=4000&amp;v=enabled&amp;s=1a2e5041bcc412d706cdc8f73097ce648c849f00
Washington State Cougars,r/wsucougars,  1887,311,1374708691,   9,https://styles.redditmedia.com/t5_2xzdf/styles/bannerBackgroundImage_62zb6nzw55k11.png?width=4000&amp;v=enabled&amp;s=1571ec76f96ca801330564879593b63988b32b58
Sacramento Kings,r/sacramentokings,  1884,312,1244088233,  30,
UCLA Bruins,r/uclafootball,  1871,313,1422391399,   6,https://styles.redditmedia.com/t5_364vm/styles/bannerBackgroundImage_9np7dwt0cam91.PNG?width=4000&amp;v=enabled&amp;s=84a3943b06e3ae41c463c8b317e24ee419b1a901
Chicago Blackhawks,r/chicagoblackhawks,  1868,314,1261643862,   4,
North Carolina State Wolfpack,r/ncsu_wolfpack,  1853,315,1419361397,   3,
Saskatchewan Roughriders,r/riderville,  1852,316,1278572807,   3,
North Melbourne FC,r/northmelbournefc,  1838,317,1360308761,   2,https://styles.redditmedia.com/t5_2w9xk/styles/bannerBackgroundImage_o89lslwmiyq11.png?width=4000&amp;v=enabled&amp;s=1700355edf29e7254a9635ded870a521c51f04c3
Buffalo Sabres,r/buffalosabres,  1809,318,1418164435,   2,
Maryland Terrapins,r/terps,  1800,319,1328230767,   8,
Gujarat Titans,r/gujarat_titans,  1779,320,1644971936,   2,https://styles.redditmedia.com/t5_5uyk78/styles/bannerBackgroundImage_ur5c523a56i81.png?width=4000&amp;v=enabled&amp;s=a3a2227978913d17331d471a41aca786799962a1
Georgia Tech Yellow Jackets,r/ramblinwreck,  1746,321,1315483831,   2,https://styles.redditmedia.com/t5_2sul9/styles/bannerBackgroundImage_7kr8zs62vpv01.jpg?width=4000&amp;v=enabled&amp;s=d38646dce7d7db5b5b487661cd04b01065833dcc
St Kilda FC,r/stkilda,  1742,322,1369914543,   4,
Sport-Club Freiburg,r/scfreiburg,  1650,323,1366965120,   4,https://styles.redditmedia.com/t5_2x25k/styles/bannerBackgroundImage_izuvgqwh9fi31.png?width=4000&amp;v=enabled&amp;s=d7790f0a96f6060b47cf6bae70c9f1ce960ed071
Arizona Wildcats,r/arizonawildcats,  1650,324,1344704743,  27,https://styles.redditmedia.com/t5_2uqpw/styles/bannerBackgroundImage_eie8w574bp521.jpg?width=4000&amp;v=enabled&amp;s=8ef79a9452a3b315094536bee8932656f8549fa0
Port Adelaide FC,r/weareportadelaide,  1629,325,1366775172,   4,
Philadelphia Flyers,r/philadelphiaflyers,  1603,326,1367368484,   4,
Colorado State Rams,r/csurams,  1568,327,1387845920,   6,https://styles.redditmedia.com/t5_2ziut/styles/bannerBackgroundImage_l38rjz9qmmy01.JPG?width=4000&amp;v=enabled&amp;s=2c4304ddd8739b65103e9e9737ccd9aa1c35921c
Milwaukee Bucks,r/milwaukeebucks,  1555,328,1277924796,   8,
Stanford Cardinal,r/stanfordcardinal,  1554,329,1343948675,   6,
North Queensland Cowboys,r/nrlcowboys,  1553,330,1369280732,   0,https://styles.redditmedia.com/t5_2xbzy/styles/bannerBackgroundImage_jjv2750b4bi81.png?width=4000&amp;v=enabled&amp;s=3808c6fbff8427a89c3c0bd2fe6e9c4ec620197a
Munster Rugby,r/munsterrugby,  1545,331,1349021791,   0,https://styles.redditmedia.com/t5_2v638/styles/bannerBackgroundImage_b8r9l18f71q11.png?width=4000&amp;v=enabled&amp;s=c22a29080faaa09a1172145a762fee624c592981
Houston Rockets,r/houstonrockets,  1524,332,1286590377,   5,
Oregon Ducks,r/oregonducks,  1520,333,1346556346,   1,
Real Betis,r/realbetis,  1517,334,1357436279,   0,
Denver Broncos,r/broncos,  1506,335,1286572483,   4,
Aberdeen,r/aberdeenfc,  1454,336,1424528530,   3,
UConn Huskies,r/uconnbasketball,  1449,337,1350685919,  18,https://styles.redditmedia.com/t5_2vcdq/styles/bannerBackgroundImage_pyzkw78lz6941.jpeg?width=4000&amp;v=enabled&amp;s=569f5cb2861de0ff0fc8541fe7e98436286befcb
Saracens,r/leicester_tigers,  1407,338,1460313148,   4,https://styles.redditmedia.com/t5_3e592/styles/bannerBackgroundImage_b7qfo0qj83k11.png?width=4000&amp;v=enabled&amp;s=5dd7e3c82c7cfd9be7567bf0a0de76a7055a7133
Duke Blue Devils,r/cameroncrazies,  1407,339,1362097724,   2,
Union Berlin,r/fcunion,  1366,340,1379518445,   2,
Sacramento Kings,r/kingsticketexchange,  1359,341,1456260818,   4,
Texas Longhorns,r/texaslonghorns,  1347,342,1235328797,   1,
Southern Illinois Salukis,r/salukis,  1345,343,1291073512,   4,
Brisbane Broncos,r/brisbanebroncos,  1324,344,1328428981,   0,
Memphis Tigers,r/memphistigers,  1307,345,1355683126,  15,https://styles.redditmedia.com/t5_2vt5b/styles/bannerBackgroundImage_q417aqig2go11.png?width=4000&amp;v=enabled&amp;s=cc0fd3b0dc54a28c8d4330421d92eb00acb0744d
Milwaukee Brewers,r/milwaukeebrewers,  1278,346,1396933756,   6,
Kentucky Wildcats,r/kentuckywildcats,  1142,347,1313211830,   4,
Columbus Blue Jackets,r/columbusbluejackets,  1127,348,1273152635,   2,
Louisiana Ragin Cajuns,r/ragincajuns,  1117,349,1314756906,   4,https://styles.redditmedia.com/t5_2st6z/styles/bannerBackgroundImage_eldtd3eb23u01.png?width=4000&amp;v=enabled&amp;s=6a7494c1e870ac6bdd9ef797fc876aac8753b485
San Diego State Aztecs,r/sdsuaztecs,  1111,350,1381379550,   3,https://styles.redditmedia.com/t5_2yqxs/styles/bannerBackgroundImage_ollrpfrslnk01.jpg?width=4000&amp;v=enabled&amp;s=e8c3879510ac547a99e9956d1178c2154b2c30a8
Edmonton Oilers,r/oilers,  1047,351,1259575560,   4,
LAFC,r/lafctix,  1033,352,1525895636,  14,
Arizona State Sun Devils,r/thesundevils,   970,353,1540922815,   1,
South Florida Bulls,r/gobulls,   967,354,1505520294,   1,https://styles.redditmedia.com/t5_3ohin/styles/bannerBackgroundImage_5zi8u3hsate41.png?width=4000&amp;v=enabled&amp;s=ae1c151f36e351c49bfed75c62b65c01bb6ab12d
Indianapolis Colts,r/indianapoliscolts,   963,355,1477892363,   3,
Portland Sea Dogs,r/seadogs,   956,356,1409793157,   2,
Portland Trail Blazers,r/portlandtrailblazers,   954,357,1562008972,   5,
New Zealand Warriors,r/nrlwarriors,   954,358,1357205160,   6,
Notre Dame Fighting Irish,r/notredamesports,   953,359,1295123995,   7,
Hibernian,r/hibsfc,   947,360,1411504275,   1,
Utah Utes,r/utahutes,   940,361,1353490031,5,
Hamilton Tiger-Cats,r/ticats,   925,362,1336353237,3,https://styles.redditmedia.com/t5_2u1rt/styles/bannerBackgroundImage_zu8lqrkx7wy01.jpg?width=4000&amp;v=enabled&amp;s=162e9478932f4a7a99f8f58015b0e868a62361f9
San Francisco 49ers,r/sanfrancisco49ers,   896,363,1314775856,1,
Boston Red Sox,r/bostonredsox,   886,364,1333691757,5,https://styles.redditmedia.com/t5_2tuv0/styles/bannerBackgroundImage_dtrgdu2d1ts41.jpg?width=4000&amp;v=enabled&amp;s=50127713c6a6a025f8a912210b90a27988a25f32
Wolverhampton Wanderers FC,r/wolverhamptonwanderer,   848,365,1452495416,4,
Florida State Seminoles,r/floridastatefootball,   841,366,1494336907,0,
Cincinnati Reds,r/cincinnatireds,   839,367,1284907345,1,
Ottawa RedBlacks,r/redblacks,   787,368,1371604000,4,https://styles.redditmedia.com/t5_2xlr2/styles/bannerBackgroundImage_lk3yi4ddnw041.png?width=4000&amp;v=enabled&amp;s=86c4f89bb75b9aef9711956949d8183f06b4c445
Parramatta Eels,r/parramattaeels,   782,369,1362396008,2,
TCU Horned Frogs,r/tcufootball,   778,370,1343769311,3,
Calgary Stampeders,r/stampeders,   769,371,1306300719,0,
Leinster Rugby,r/leinsterrugby,   759,372,1403516775,1,
Arizona State Sun Devils,r/sundevils,   754,373,1329678970,8,
Vancouver Canucks,r/vancouvercanucks,   743,374,1255553836,4,
Cincinnati Bengals,r/cincinnatibengals,   734,375,1326990134,5,
Real Madrid,r/realmadridfem,   733,376,1600600746,1,
Tottenham Hotspur FC,r/tottenhamhotspurfc,   722,377,1356387944,0,
Seattle Mariners,r/seattlemariners,   721,378,1408488815,3,
Udinese,r/udinese,   720,379,1334674114,4,https://styles.redditmedia.com/t5_2txdo/styles/bannerBackgroundImage_vmbkdku8oid91.png?width=4000&amp;v=enabled&amp;s=ae63581165cf72f83e76dad47789ae89582fbe66
Cincinnati Bearcats,r/cincybearcats,   717,380,1391454501,0,
Virginia Cavaliers,r/wahoowa,   714,381,1409780823,5,
GWS Giants,r/gwsgiants,   700,382,1369920250,5,
Punjab Kings,r/kxip,   694,383,1524322236,4,https://styles.redditmedia.com/t5_ibb2m/styles/bannerBackgroundImage_asj0lcmqt2o51.png?width=4000&amp;v=enabled&amp;s=c423feba5e635315c9fe34f9f61f207cafef3547
Club Brugge,r/clubbrugge,   691,384,1352398949,4,https://styles.redditmedia.com/t5_2vi8d/styles/bannerBackgroundImage_rw9rk4926ng11.jpg?width=4000&amp;v=enabled&amp;s=acd92f23188e400b53633a32f3a5740f710535c2
Seattle Storm,r/seattlestorm,   689,385,1401235247,4,
Saracens,r/saracens,   684,386,1448821113,2,https://styles.redditmedia.com/t5_3b29e/styles/bannerBackgroundImage_y3md65h8mmh31.png?width=4000&amp;v=enabled&amp;s=e99f005cebd8825d6325db508d7cf05f3c2b8139
UCLA Bruins,r/8clap,   678,387,1478886660,5,
Minnesota Timberwolves,r/minnesotatimberwolves,   668,388,1320898263,2,
Inter Milan,r/intermilan,   659,389,1320537845,5,
Melbourne Storm,r/melbournestorm,   645,390,1357559594,3,
Phoenix Suns,r/phoenixsuns,   640,391,1293379026,5,
Manchester City FC,r/manchestercityfc,   638,392,1356387329,1,
LSU Tigers,r/lsubasketball,   637,393,1522244986,1,https://styles.redditmedia.com/t5_hdmwl/styles/bannerBackgroundImage_exmcr48cbap81.jpg?width=4000&amp;v=enabled&amp;s=b9009b435e992f3b9ecd38ff017c71015a4ce13d
Iowa Hawkeyes,r/iowa_hawkeyes,   637,394,1567741978,4,https://styles.redditmedia.com/t5_24d7rj/styles/bannerBackgroundImage_cof89u5efgl31.jpg?width=4000&amp;v=enabled&amp;s=691d7e5ebafd34f8f528c995714c0347a4a61b37
Wests Tigers,r/weststigers,   627,395,1369221734,0,https://styles.redditmedia.com/t5_2xbot/styles/bannerBackgroundImage_iud9hzernuv81.png?width=4000&amp;v=enabled&amp;s=031526ad2c109e815ffb64a76e2dfbf2030a36c9
Vfl Wolfsburg,r/diewolfe,   612,396,1400785771,5,
Mainz 05,r/mainz05,   610,397,1390922986,4,https://styles.redditmedia.com/t5_300g0/styles/bannerBackgroundImage_5t2z8gyv8dj61.png?width=4000&amp;v=enabled&amp;s=cd124347a6094444da3320945ecde72fb479e048
Charlotte Knights,r/charlotteknights,   599,398,1389489692,2,
Texas Tech Red Raiders,r/redraiders,   590,399,1343950326,3,
Los Angeles Lakers,r/losangeleslakers,   583,400,1339484733,5,https://styles.redditmedia.com/t5_2ua10/styles/bannerBackgroundImage_24o0u397nlf71.jpeg?width=4000&amp;v=enabled&amp;s=6edfeaf66712293c0a62c9cc46cffa513f5c806d
Baltimore Ravens,r/baltimoreravens,   581,401,1292460089,4,
San Francisco Giants,r/sanfranciscogiants,   577,402,1375936000,0,
South Sydney Rabbitohs,r/rabbitohs,   573,403,1347085012,1,
Marquette Golden Eagles,r/mubb,   569,404,1362359072,3,
Las Vegas Raiders,r/lasvegasraiders,   567,405,1628284982,5,
Gonzaga Bulldogs,r/gonzagabasketball,   555,406,1319773872,4,
BC Lions,r/bc_lions,   554,407,1375316035,3,
California Golden Bears,r/calfootball,   550,408,1352316545,0,
Nantes,r/fcnantes,   546,409,1367336874,2,
New Orleans Pelicans,r/neworleanspelicans,   543,410,1354668943,4,
Washington Nationals,r/washingtonnationals,   534,411,1365913421,4,
Newcastle Knights,r/newcastleknights,   503,412,1347106382,3,https://styles.redditmedia.com/t5_2uzxk/styles/bannerBackgroundImage_9fo1wqnekxx21.jpeg?width=4000&amp;v=enabled&amp;s=40a42af4b8613b7a4f38f2825c4c2ae09ecfef4f
Adelaide Crows,r/realadelaidecrows,   501,413,1527163095,1,
Gold Coast Suns,r/gcfc,   500,414,1340815522,8,https://styles.redditmedia.com/t5_2ue1n/styles/bannerBackgroundImage_7ntni4pg60j21.png?width=4000&amp;v=enabled&amp;s=5479aee1270f6d9d7d88c5150683fb71f78fad76
Canberra Raiders,r/nrlraiders,   495,415,1386223269,3,
Southern California Trojans,r/thedarnold,   488,416,1477610573,2,
Buffalo Bills,r/buffalobillsnsfw,   482,417,1601991709,3,
Villarreal,r/villarreal,   466,418,1558442808,1,
Sydney Roosters,r/sydney_roosters,   446,419,1442389489,4,
Kansas Jayhawks,r/kansasjayhawks,   442,420,1561868657,0,
Chicago Sky,r/chicagosky,   436,421,NA,NA,NA
Atlanta United FC,r/atlantaunitedfc,   430,422,NA,NA,NA
Sydney Roosters,r/sydneyroosters,   420,423,NA,NA,NA
Los Angeles Chargers,r/losangeleschargers,   415,424,NA,NA,NA
Los Angeles Dodgers,r/losangelesdodgers,   414,425,NA,NA,NA
Vanderbilt Commodores,r/anchordown,   412,426,NA,NA,NA
Tottenham Hotspur FC,r/spursgifs,   410,427,NA,NA,NA
Kansas State Wildcats,r/kstatewildcats,   403,428,NA,NA,NA
Kolkata Knight Riders,r/knightridersipl,   399,429,NA,NA,NA
Dayton Flyers,r/udflyers,   393,430,NA,NA,NA
Dundee United,r/dundeeunited,   391,431,NA,NA,NA
Boston College Eagles,r/bc_eagles,   391,432,NA,NA,NA
Cleveland Cavaliers,r/clevelandcavaliers,   385,433,NA,NA,NA
St Louis City SC,r/stlcitysc,   384,434,NA,NA,NA
Washington Commanders,r/washingtoncommanders,   378,435,NA,NA,NA
Oklahoma Sooners,r/oklahomasooners,   376,436,NA,NA,NA
Collingwood FC,r/collingwood,   375,437,NA,NA,NA
FC Augsburg,r/fcaugsburg,   372,438,NA,NA,NA
San Francisco Dons,r/usfdons,   359,439,NA,NA,NA
Villarreal,r/villarrealcf,   358,440,NA,NA,NA
Gwinnett Stripers,r/gwinnettstripers,   358,441,NA,NA,NA
Florida State Seminoles,r/fsufootball,   358,442,NA,NA,NA
Nottingham Forest FC,r/nottinghamforestfc,   355,443,NA,NA,NA
Ulster Rugby,r/ulsterrugby,   354,444,NA,NA,NA
Montreal Canadiens,r/montrealcanadiens,   354,445,NA,NA,NA
St. Paul Saints,r/stpaulsaints,   353,446,NA,NA,NA
Villanova Wildcats,r/villanovambb,   345,447,NA,NA,NA
Tennessee Volunteers,r/tennesseevolunteers,   343,448,NA,NA,NA
Wake Forest Demon Deacons,r/wakeforestsports,   342,449,NA,NA,NA
Texas State Bobcats,r/txstatebobcats,   340,450,NA,NA,NA
South Sydney Rabbitohs,r/southsydneyrabbitohs,   336,451,NA,NA,NA
Hanshin Tigers,r/hanshintigers,   336,452,NA,NA,NA
Houston Cougars,r/houstoncougars,   332,453,NA,NA,NA
Tottenham Hotspur FC,r/coyswallpapers,   330,454,NA,NA,NA
Iowa State Cyclones,r/iowastatecyclones,   330,455,NA,NA,NA
Cornell Big Red,r/lynahfaithful,   326,456,NA,NA,NA
Dinamo Zagreb,r/dinamo,   324,457,NA,NA,NA
Southern California Trojans,r/usctrojans,   323,458,NA,NA,NA
Canterbury-Bankstown Bulldogs,r/canterburybulldogs,   321,459,NA,NA,NA
Milwaukee Bucks,r/bucks,   320,460,NA,NA,NA
Indiana Hoosiers,r/iufootball,   318,461,NA,NA,NA
East Carolina Pirates,r/eastcarolinapirates,   317,462,NA,NA,NA
Charlotte FC,r/charlottefc,   313,463,NA,NA,NA
Nashville Sounds,r/nashvillesounds,   309,464,NA,NA,NA
Durham Bulls,r/durhambulls,   308,465,NA,NA,NA
Vanderbilt Commodores,r/vandysports,   303,466,NA,NA,NA
Manchester United FC,r/mufc,   300,467,NA,NA,NA
Exeter Chiefs,r/exeterchiefs,   292,468,NA,NA,NA
Tottenham Hotspur FC,r/thfc,   290,469,NA,NA,NA
Columbus Clippers,r/columbusclippers,   289,470,NA,NA,NA
Buffalo Bisons,r/buffalobisons,   287,471,NA,NA,NA
Penrith Panthers,r/nrlpanthers,   284,472,NA,NA,NA
UNLV Rebels,r/unlvrunninrebels,   279,473,NA,NA,NA
Leeds Rhinos,r/leedsrhinos,   277,474,NA,NA,NA
Baltimore Orioles,r/baltimoreorioles,   277,475,NA,NA,NA
Omaha Storm Chasers,r/omahastormchasers,   268,476,NA,NA,NA
Seattle Seahawks,r/seattleseahawks,   266,477,NA,NA,NA
Boise State Broncos,r/boisestatebroncos,   265,478,NA,NA,NA
Troy Trojans,r/troytrojans,   264,479,NA,NA,NA
Fulham FC,r/fulham,   263,480,NA,NA,NA
Washington Mystics,r/washingtonmystics,   261,481,NA,NA,NA
Port Adelaide FC,r/portadelaidefc,   259,482,NA,NA,NA
Bristol Bears,r/bristolbearsrugby,   259,483,NA,NA,NA
Real Sociedad,r/sociedad,   258,484,NA,NA,NA
Akron RubberDucks,r/akronrubberducks,   257,485,NA,NA,NA
Gold Coast Titans,r/goldcoasttitans,   249,486,NA,NA,NA
Aston Villa FC,r/astonvillafc,   242,487,NA,NA,NA
Kilmarnock,r/partickthistlefc,   241,488,NA,NA,NA
Torino,r/iltoro,   240,489,NA,NA,NA
Liverpool,r/liverpoolladies,   240,490,NA,NA,NA
California Golden Bears,r/goldenbears,   240,491,NA,NA,NA
Edmonton Elks,r/goelks,   239,492,NA,NA,NA
Sale Sharks,r/salesharks,   233,493,NA,NA,NA
Louisville Cardinals,r/louisvillecardinals,   231,494,NA,NA,NA
Mississippi State Bulldogs,r/msubulldogs,   227,495,NA,NA,NA
Ohio Bobcats,r/ohiobobcats,   226,496,NA,NA,NA
Bayer 04 Leverkusen,r/leverkusen,   220,497,NA,NA,NA
Michigan State Spartans,r/msu_spartans,   219,498,NA,NA,NA
Atlanta Dream,r/atlantadream,   216,499,NA,NA,NA
Edinburgh Rugby,r/edinburgh_rugby,   215,500,NA,NA,NA
Northwestern Wildcats,r/gonorthwestern,   214,501,NA,NA,NA
Georgia Tech Yellow Jackets,r/georgiatechfootball,   214,502,NA,NA,NA
Arizona Wildcats,r/arizonabasketball,   214,503,NA,NA,NA
UCLA Bruins,r/lonzoball,   212,504,NA,NA,NA
Northampton Saints,r/northamptonsaintsrfc,   205,505,NA,NA,NA
Penrith Panthers,r/penrithpanthers,   201,506,NA,NA,NA
Indianapolis Indians,r/indianapolisindians,   199,507,NA,NA,NA
Rayo Vallecano,r/rayovallecano,   192,508,NA,NA,NA
Edmonton Elks,r/edmontonelks,   190,509,NA,NA,NA
Brisbane Heat,r/brisbane_heat,   188,510,NA,NA,NA
Bath Rugby,r/bathrugby,   187,511,NA,NA,NA
North Texas Mean Green,r/meangreen,   186,512,NA,NA,NA
New York Red Bulls,r/newyorkredbulls,   185,513,NA,NA,NA
Minnesota Lynx,r/mnlynx,   185,514,NA,NA,NA
Oregon State Beavers,r/oregonstatebeavers,   184,515,NA,NA,NA
Sassuolo,r/sassuolo,   182,516,NA,NA,NA
Iowa Cubs,r/iowacubs,   181,517,NA,NA,NA
Amarillo Sod Poodles,r/amarillosodpoodles,   181,518,NA,NA,NA
Phoenix Mercury,r/phxmercury,   176,519,NA,NA,NA
Corpus Christi Hooks,r/corpuschristihooks,   175,520,NA,NA,NA
Old Dominion Monarchs,r/odubasketball,   173,521,NA,NA,NA
Bowling Green Falcons,r/bgsufb,   172,522,NA,NA,NA
Fresno State Bulldogs,r/fresnostatefootball,   170,523,NA,NA,NA
Duke Blue Devils,r/dukefootball,   170,524,NA,NA,NA
Minnesota-Duluth Bulldogs,r/umdbulldogs,   169,525,NA,NA,NA
Tokyo Yakult Swallows,r/swallows,   165,526,NA,NA,NA
Dallas Wings,r/dallaswings,   165,527,NA,NA,NA
Springfield Cardinals,r/sgfcardinals,   163,528,NA,NA,NA
Sacramento River Cats,r/rivercatsaaa,   156,529,NA,NA,NA
Tennessee Volunteers,r/bleedorange,   155,530,NA,NA,NA
Virginia Commonwealth Rams,r/vcurams,   154,531,NA,NA,NA
Tottenham Hotspur FC,r/nyspurs,   154,532,NA,NA,NA
Round Rock Express,r/roundrockexpress,   153,533,NA,NA,NA
Norfolk Tides,r/tides,   153,534,NA,NA,NA
Adelaide Strikers,r/adelaidestrikers,   152,535,NA,NA,NA
Minnesota Lynx,r/minnesotalynx,   151,536,NA,NA,NA
Kilmarnock,r/killie,   151,537,NA,NA,NA
Connecticut Sun,r/connecticutsun,   151,538,NA,NA,NA
Indiana Fever,r/indianafever,   149,539,NA,NA,NA
Vfl Bochum,r/vflbochum,   143,540,NA,NA,NA
Edmonton Elks,r/theedmontonelks,   140,541,NA,NA,NA
Auburn Tigers,r/wareagle,   137,542,NA,NA,NA
Melbourne Stars,r/melbourne_stars,   134,543,NA,NA,NA
London Irish,r/londonirish,   131,544,NA,NA,NA
Southern California Trojans,r/wearesc_ot,   125,545,NA,NA,NA
Idaho Vandals,r/idahovandals,   125,546,NA,NA,NA
Hokkaido Nippon-Ham Fighters,r/nipponhamfighters,   125,547,NA,NA,NA
Georgetown Hoyas,r/hoyasbasketball,   123,548,NA,NA,NA
Auburn Tigers,r/auburntigers,   122,549,NA,NA,NA
Oklahoma State Cowboys,r/orangepower,   121,550,NA,NA,NA
Toronto FC,r/torontofc,   117,551,NA,NA,NA
Salt Lake Bees,r/saltlakebees,   117,552,NA,NA,NA
Florida State Seminoles,r/seminoles,   117,553,NA,NA,NA
St. Johns Red Storm,r/redstorm,   115,554,NA,NA,NA
Georgia Southern Eagles,r/gsueaglesfootball,   113,555,NA,NA,NA
Wichita State Shockers,r/shockers,   112,556,NA,NA,NA
Manchester United FC,r/manutdfc,   112,557,NA,NA,NA
Clemson Tigers,r/solidorange,   112,558,NA,NA,NA
Brigham Young Cougars,r/byucougars,   112,559,NA,NA,NA
Wake Forest Demon Deacons,r/demondeacons,   111,560,NA,NA,NA
Hiroshima Toyo Carp,r/hiroshimacarp,   111,561,NA,NA,NA
Washington Huskies,r/washingtonfootball,   110,562,NA,NA,NA
Reno Aces,r/aces,   109,563,NA,NA,NA
Iowa Hawkeyes,r/iowahawkeyes,   106,564,NA,NA,NA
Glasgow Warriors,r/glasgowwarriors,   106,565,NA,NA,NA
North Carolina Tar Heels,r/ncarolinabasketballli,   102,566,NA,NA,NA
Union Berlin,r/unionberlin,   100,567,NA,NA,NA
Baylor Bears,r/baylorsports,    99,568,NA,NA,NA
ETSU Buccaneers,r/etsubucs,    98,569,NA,NA,NA
Worcester Red Sox,r/woosox,    97,570,NA,NA,NA
Texas Tech Red Raiders,r/wreckem,    97,571,NA,NA,NA
Albuquerque Isotopes,r/isotopes,    97,572,NA,NA,NA
Presbyterian Blue Hose,r/bluehose,    94,573,NA,NA,NA
Colorado Buffaloes,r/cubuffs,    93,574,NA,NA,NA
Birmingham Barons,r/birminghambarons,    92,575,NA,NA,NA
Army Black Knights,r/army_football,    91,576,NA,NA,NA
Seton Hall Pirates,r/shubb,    89,577,NA,NA,NA
Central Florida Knights,r/ucffootball,    88,578,NA,NA,NA
Western Michigan Broncos,r/wmubroncos,    87,579,NA,NA,NA
Denver Pioneers,r/dusports,    87,580,NA,NA,NA
Dayton Flyers,r/daytonflyers,    86,581,NA,NA,NA
Melbourne Renegades,r/melbournerenegades,    85,582,NA,NA,NA
Tennessee Volunteers,r/bigorange,    84,583,NA,NA,NA
Northwestern Wildcats,r/gocats,    84,584,NA,NA,NA
Liverpool FC,r/anfieldroad,    84,585,NA,NA,NA
St. Helens,r/saintsrlfc,    82,586,NA,NA,NA
Duke Blue Devils,r/dukebluedevilsmbb,    82,587,NA,NA,NA
Brisbane Broncos,r/nrlbroncos,    82,588,NA,NA,NA
AC Monza,r/acmonza,    81,589,NA,NA,NA
Oklahoma State Cowboys,r/okstatefootball,    80,590,NA,NA,NA
Wigan Warriors,r/wiganwarriors,    79,591,NA,NA,NA
Fukuoka SoftBank Hawks,r/fukuokahawks,    79,592,NA,NA,NA
Scranton/Wilkes-Barre RailRiders,r/swbrailriders,    78,593,NA,NA,NA
South Dakota State Jackrabbits,r/sdsu_jackrabbits,    77,594,NA,NA,NA
Nevada Wolf Pack,r/nevadawolfpack,    77,595,NA,NA,NA
Duke Blue Devils,r/dukefb,    74,596,NA,NA,NA
East Carolina Pirates,r/ecusports,    73,597,NA,NA,NA
Tacoma Rainiers,r/tacomarainiers,    71,598,NA,NA,NA
Richmond Flying Squirrels,r/gosquirrels,    71,599,NA,NA,NA
Temple Owls,r/templeowls,    69,600,NA,NA,NA
North Carolina Tar Heels,r/turnitblue,    69,601,NA,NA,NA
Chunichi Dragons,r/chunichidragons,    67,602,NA,NA,NA
Montgomery Biscuits,r/montgomerybiscuits,    66,603,NA,NA,NA
Florida Atlantic Owls,r/fauowls,    65,604,NA,NA,NA
Charlotte 49ers,r/charlotte49ers,    65,605,NA,NA,NA
Michigan Tech Huskies,r/mtuhuskies,    64,606,NA,NA,NA
UMBC Retrievers,r/retrievers,    63,607,NA,NA,NA
Bowie BaySox,r/baysox,    63,608,NA,NA,NA
Orix Buffaloes,r/orixbuffaloes,    62,609,NA,NA,NA
Hartford Yard Goats,r/yardgoats,    61,610,NA,NA,NA
Red Bull Salzburg,r/fcredbullsalzburg,    59,611,NA,NA,NA
Georgia State Panthers,r/gsupanthers,    59,612,NA,NA,NA
Sunrisers Hyderabad,r/sabsekiraakhyderabad,    58,613,NA,NA,NA
Fordham Rams,r/uribasketball,    58,614,NA,NA,NA
Everton FC,r/gbaminisnotreal,    56,615,NA,NA,NA
Saint Louis Billikens,r/billikensbasketball,    55,616,NA,NA,NA
Iowa State Cyclones,r/isucyclones,    55,617,NA,NA,NA
BC Lions,r/bclionscfl,    53,618,NA,NA,NA
Sydney Sixers,r/sydney_sixers,    52,619,NA,NA,NA
Nashville Predators,r/smashville,    52,620,NA,NA,NA
Surrey Cricket,r/surreycricket,    51,621,NA,NA,NA
North Carolina Tar Heels,r/tarheelsbasketball,    51,622,NA,NA,NA
Old Dominion Monarchs,r/odumonarchs,    50,623,NA,NA,NA
Boston College Eagles,r/goeagles,    50,624,NA,NA,NA
Mobile BayBears,r/baybears,    49,625,NA,NA,NA
San Diego State Aztecs,r/sdsufootball,    48,626,NA,NA,NA
Kentucky Wildcats,r/tundrasplayland,    48,627,NA,NA,NA
Duke Blue Devils,r/dukebluedevils,    48,628,NA,NA,NA
Central Florida Knights,r/gamingknights,    47,629,NA,NA,NA
Adelaide Crows,r/adelaidecrows,    47,630,NA,NA,NA
Tohoku Rakuten Golden Eagles,r/tohokugoldeneagles,    46,631,NA,NA,NA
Rochester Red Wings,r/rochesterredwings,    46,632,NA,NA,NA
Kentucky Wildcats,r/ukwildcats,    46,633,NA,NA,NA
Vfl Bochum,r/vfl_bochum,    45,634,NA,NA,NA
Chelsea FC,r/chelseafcpics,    45,635,NA,NA,NA
Chiba Lotte Marines,r/lottemarines,    44,636,NA,NA,NA
Jackson State Tigers,r/jacksonstatetigers,    43,637,NA,NA,NA
Massachusetts Minutemen,r/umassminutemen,    42,638,NA,NA,NA
Wyoming Cowboys,r/wyomingcowboys,    41,639,NA,NA,NA
UNLV Rebels,r/rebelsfootball,    40,640,NA,NA,NA
South Dakota Coyotes,r/usdcoyotes,    40,641,NA,NA,NA
Maccabi Haifa,r/maccabihaifa,    40,642,NA,NA,NA
Leeds United FC,r/leedsunitedanarchy,    40,643,NA,NA,NA
Morgan State Bears,r/wvblackbears,    39,644,NA,NA,NA
Pittsburgh Pirates,r/buccosupdate,    38,645,NA,NA,NA
Nebraska Cornhuskers,r/huskerfans,    37,646,NA,NA,NA
Orlando City SC,r/orlandocitysoccerclub,    36,647,NA,NA,NA
Leeds Rhinos,r/therhinos,    36,648,NA,NA,NA
UConn Huskies,r/uconnhuskies,    35,649,NA,NA,NA
Leeds United FC,r/leedsunitedfctmbcm,    35,650,NA,NA,NA
Trenton Thunder,r/tthunder,    34,651,NA,NA,NA
Southern California Trojans,r/fightoncfbrisk,    34,652,NA,NA,NA
Salernitana,r/salernitanafans,    34,653,NA,NA,NA
Jacksonville Jumbo Shrimp,r/jaxshrimp,    34,654,NA,NA,NA
Cornell Big Red,r/brmb,    33,655,NA,NA,NA
Syracuse Mets,r/syracusemets,    32,656,NA,NA,NA
Gloucester Rugby,r/gloucesterrugby,    32,657,NA,NA,NA
California Golden Bears,r/calbears,    32,658,NA,NA,NA
Brisbane Broncos,r/broncosbulldogsnrl,    32,659,NA,NA,NA
San Jose State Spartans,r/sanjosestspartansfoot,    31,660,NA,NA,NA
Norfolk Tides,r/norfolktides,    30,661,NA,NA,NA
Harrisburg Senators,r/harrisburgsenators,    30,662,NA,NA,NA
Binghamton Rumble Ponies,r/rumbleponies,    30,663,NA,NA,NA
Wolverhampton Wanderers FC,r/wolvesfc,    29,664,NA,NA,NA
Wisconsin-Milwaukee Panthers,r/milwaukeepanthers,    29,665,NA,NA,NA
Indiana Fever,r/lexiehull,    29,666,NA,NA,NA
Arkansas Razorbacks,r/razorback,    29,667,NA,NA,NA
Siena Saints,r/sienasaints,    28,668,NA,NA,NA
1. FC Köln,r/fckoeln,    28,669,NA,NA,NA
Crystal Palace FC,r/chelseavcrystlpalce,    26,670,NA,NA,NA
Charlotte FC,r/cltfc,    26,671,NA,NA,NA
Kent Cricket,r/kentcricket,    24,672,NA,NA,NA
Portland Pilots,r/portlandpilots,    23,673,NA,NA,NA
California Golden Bears,r/calbasketball,    23,674,NA,NA,NA
Tottenham Hotspur FC,r/thfcgifs,    22,675,NA,NA,NA
Missouri Tigers,r/tigerbros,    22,676,NA,NA,NA
Manchester United FC,r/reddevilsyouth,    20,677,NA,NA,NA
Idaho State Bengals,r/idahostateuniversity,    20,678,NA,NA,NA
Glamorgan Cricket,r/glamorgancricket,    20,679,NA,NA,NA
Fresno State Bulldogs,r/fsbulldogs,    20,680,NA,NA,NA
Arkansas Travelers,r/travs,    20,681,NA,NA,NA
Hull KR,r/hullkr,    19,682,NA,NA,NA
Worcester Red Sox,r/worcesterredsox,    18,683,NA,NA,NA
Western Bulldogs,r/aflblueteams,    18,684,NA,NA,NA
Chelsea FC,r/chelseablues,    18,685,NA,NA,NA
Manchester United FC,r/fuckglazers,    16,686,NA,NA,NA
Chennai Super Kings,r/maltichahar,    16,687,NA,NA,NA
Boise State Broncos,r/bsu_broncos,    16,688,NA,NA,NA
Creighton Bluejays,r/cubluejays,    15,689,NA,NA,NA
Chiba Lotte Marines,r/chibalottemarines,    15,690,NA,NA,NA
Maryland Terrapins,r/marylandlax,    14,691,NA,NA,NA
LIU Sharks,r/liusharks,    14,692,NA,NA,NA
Crystal Palace FC,r/crystalpalacevchlsea,    14,693,NA,NA,NA
Ottawa RedBlacks,r/bleedredblacks,    13,694,NA,NA,NA
Tennessee Volunteers,r/nextyear,    12,695,NA,NA,NA
Sydney Roosters,r/mitchaubusson,    12,696,NA,NA,NA
Maryland Terrapins,r/umterps,    12,697,NA,NA,NA
Cincinnati Bearcats,r/republicofcincinnati,    12,698,NA,NA,NA
Bradley Braves,r/bradleybraves,    11,699,NA,NA,NA
Arizona Wildcats,r/theproudtradition,    11,700,NA,NA,NA
Huddersfield Giants,r/huddersfieldgiants,    10,701,NA,NA,NA
Tulane Green Wave,r/tulanegreenwave,     8,702,NA,NA,NA
Syracuse Orange,r/syracuseorange,     8,703,NA,NA,NA
Cincinnati Bearcats,r/cincinnatibearcats,     8,704,NA,NA,NA
Bristol Bears,r/bristolbears,     8,705,NA,NA,NA
Toledo Rockets,r/toledorockets,     7,706,NA,NA,NA
Fresno Grizzlies,r/fresnogrizzlies,     7,707,NA,NA,NA
Clermont Foot,r/clermontfoot,     7,708,NA,NA,NA
Xavier Musketeers,r/xaviermusketeers,     6,709,NA,NA,NA
Warrington Wolves,r/warringtonwolves,     6,710,NA,NA,NA
Reno Aces,r/renoaces,     6,711,NA,NA,NA
Punjab Kings,r/punjabkings,     6,712,NA,NA,NA
Illinois-Chicago Flames,r/uicflames,     6,713,NA,NA,NA
Club de Foot Montreal,r/clubdefootmontreal,     6,714,NA,NA,NA
Washington Huskies,r/washingtonhuskies,     5,715,NA,NA,NA
Villanova Wildcats,r/villanovawildcats,     5,716,NA,NA,NA
Louisville Bats,r/louisvillebats,     5,717,NA,NA,NA
Hobart Hurricanes,r/hobarthurricanes,     5,718,NA,NA,NA
Akron Zips,r/akronzips,     5,719,NA,NA,NA
Toledo Mud Hens,r/toledomudhens,     4,720,NA,NA,NA
Sydney Thunder,r/sydneythunder,     4,721,NA,NA,NA
Sussex Cricket,r/sussexcricket,     4,722,NA,NA,NA
Hawthorn FC,r/hawthornfc,     4,723,NA,NA,NA
Erie SeaWolves,r/erieseawolves,     4,724,NA,NA,NA
Worcestershire Cricket,r/worcestershirecricket,     3,725,NA,NA,NA
Virginia Cavaliers,r/virginiacavaliers,     3,726,NA,NA,NA
UNF Ospreys,r/unfospreys,     3,727,NA,NA,NA
Mercer Bears,r/mercerbears,     3,728,NA,NA,NA
Creighton Bluejays,r/creightonbluejays,     3,729,NA,NA,NA
Texas-SA Roadrunners,r/utsaroadrunners,     2,730,NA,NA,NA
Richmond Spiders,r/richmondspiders,     2,731,NA,NA,NA
Missouri Tigers,r/missouritigers,     2,732,NA,NA,NA
CSU Buccaneers,r/csubuccaneers,     2,733,NA,NA,NA
Columbia Lions,r/columbialions,     2,734,NA,NA,NA
Ajaccio,r/ajaccio,     2,735,NA,NA,NA
Saint Peters Peacocks,r/saintpeterspeacocks,     1,736,NA,NA,NA
Providence Friars,r/providencefriars,     1,737,NA,NA,NA
Duquesne Dukes,r/duquesnedukes,     1,738,NA,NA,NA
Dixie State Trailblazers,r/utahtechtrailblazers,     1,739,NA,NA,NA
Baylor Bears,r/baylorbears,     1,740,NA,